case,display_name,method,phase,repeat,prompt_index,seed,pipeline_elapsed_s,denoise_elapsed_s,non_denoise_elapsed_s,segment_count,output
native_hr4,Native-HR4,native,warmup,0,0,15000,44.07542308047414,37.836994925513864,6.238428154960275,1,/mnt/afs_2/houze/wanUpsampler/outputs/aaai27_experiments/quality_efficiency_distill4/warm_quality_efficiency/videos/native_hr4/native_hr4_00_seed15000.mp4
native_hr4,Native-HR4,native,measured,0,1,15001,42.573116701096296,37.48834357410669,5.084773126989603,1,/mnt/afs_2/houze/wanUpsampler/outputs/aaai27_experiments/quality_efficiency_distill4/warm_quality_efficiency/videos/native_hr4/native_hr4_01_seed15001.mp4
native_hr4,Native-HR4,native,measured,1,2,15002,42.31980463862419,37.210306245833635,5.109498392790556,1,/mnt/afs_2/houze/wanUpsampler/outputs/aaai27_experiments/quality_efficiency_distill4/warm_quality_efficiency/videos/native_hr4/native_hr4_02_seed15002.mp4
native_hr4,Native-HR4,native,measured,2,3,15003,42.549723111093044,37.21954873204231,5.330174379050732,1,/mnt/afs_2/houze/wanUpsampler/outputs/aaai27_experiments/quality_efficiency_distill4/warm_quality_efficiency/videos/native_hr4/native_hr4_03_seed15003.mp4
native_hr4,Native-HR4,native,measured,3,4,15004,42.6105051767081,37.38795153051615,5.222553646191955,1,/mnt/afs_2/houze/wanUpsampler/outputs/aaai27_experiments/quality_efficiency_distill4/warm_quality_efficiency/videos/native_hr4/native_hr4_04_seed15004.mp4
native_hr4,Native-HR4,native,measured,4,5,15005,42.40049354173243,37.360183542594314,5.040309999138117,1,/mnt/afs_2/houze/wanUpsampler/outputs/aaai27_experiments/quality_efficiency_distill4/warm_quality_efficiency/videos/native_hr4/native_hr4_05_seed15005.mp4
interp2,Interp-D4@2,interp,warmup,0,0,15000,27.835248490795493,21.540061458945274,6.295187031850219,1,/mnt/afs_2/houze/wanUpsampler/outputs/aaai27_experiments/quality_efficiency_distill4/warm_quality_efficiency/videos/interp2/interp2_00_seed15000.mp4
interp2,Interp-D4@2,interp,measured,0,1,15001,26.25107882730663,21.127627845853567,5.123450981453061,1,/mnt/afs_2/houze/wanUpsampler/outputs/aaai27_experiments/quality_efficiency_distill4/warm_quality_efficiency/videos/interp2/interp2_01_seed15001.mp4
interp2,Interp-D4@2,interp,measured,1,2,15002,26.562688771635294,21.291664144024253,5.271024627611041,1,/mnt/afs_2/houze/wanUpsampler/outputs/aaai27_experiments/quality_efficiency_distill4/warm_quality_efficiency/videos/interp2/interp2_02_seed15002.mp4
interp2,Interp-D4@2,interp,measured,2,3,15003,26.2758810184896,21.148923944681883,5.126957073807716,1,/mnt/afs_2/houze/wanUpsampler/outputs/aaai27_experiments/quality_efficiency_distill4/warm_quality_efficiency/videos/interp2/interp2_03_seed15003.mp4
interp2,Interp-D4@2,interp,measured,3,4,15004,26.349315125495195,21.07770961523056,5.271605510264635,1,/mnt/afs_2/houze/wanUpsampler/outputs/aaai27_experiments/quality_efficiency_distill4/warm_quality_efficiency/videos/interp2/interp2_04_seed15004.mp4
interp2,Interp-D4@2,interp,measured,4,5,15005,26.311776228249073,21.280141331255436,5.031634896993637,1,/mnt/afs_2/houze/wanUpsampler/outputs/aaai27_experiments/quality_efficiency_distill4/warm_quality_efficiency/videos/interp2/interp2_05_seed15005.mp4
interp3,Interp-D4@3,interp,warmup,0,0,15000,19.773930203169584,13.49063528329134,6.283294919878244,1,/mnt/afs_2/houze/wanUpsampler/outputs/aaai27_experiments/quality_efficiency_distill4/warm_quality_efficiency/videos/interp3/interp3_00_seed15000.mp4
interp3,Interp-D4@3,interp,measured,0,1,15001,18.134320164099336,13.053856514394283,5.080463649705052,1,/mnt/afs_2/houze/wanUpsampler/outputs/aaai27_experiments/quality_efficiency_distill4/warm_quality_efficiency/videos/interp3/interp3_01_seed15001.mp4
interp3,Interp-D4@3,interp,measured,1,2,15002,18.625374840572476,13.257621515542269,5.367753325030208,1,/mnt/afs_2/houze/wanUpsampler/outputs/aaai27_experiments/quality_efficiency_distill4/warm_quality_efficiency/videos/interp3/interp3_02_seed15002.mp4
interp3,Interp-D4@3,interp,measured,2,3,15003,18.303777487948537,13.057089060544968,5.246688427403569,1,/mnt/afs_2/houze/wanUpsampler/outputs/aaai27_experiments/quality_efficiency_distill4/warm_quality_efficiency/videos/interp3/interp3_03_seed15003.mp4
interp3,Interp-D4@3,interp,measured,3,4,15004,18.438418686389923,13.067391088232398,5.371027598157525,1,/mnt/afs_2/houze/wanUpsampler/outputs/aaai27_experiments/quality_efficiency_distill4/warm_quality_efficiency/videos/interp3/interp3_04_seed15004.mp4
interp3,Interp-D4@3,interp,measured,4,5,15005,18.154408767819405,13.09640208631754,5.058006681501865,1,/mnt/afs_2/houze/wanUpsampler/outputs/aaai27_experiments/quality_efficiency_distill4/warm_quality_efficiency/videos/interp3/interp3_05_seed15005.mp4
taa_interp3,TAA+Interp-D4@3,taa_interp,warmup,0,0,15000,21.595754515379667,15.220441484823823,6.375313030555844,1,/mnt/afs_2/houze/wanUpsampler/outputs/aaai27_experiments/quality_efficiency_distill4/warm_quality_efficiency/videos/taa_interp3/taa_interp3_00_seed15000.mp4
taa_interp3,TAA+Interp-D4@3,taa_interp,measured,0,1,15001,19.879842089489102,14.766614707186818,5.113227382302284,1,/mnt/afs_2/houze/wanUpsampler/outputs/aaai27_experiments/quality_efficiency_distill4/warm_quality_efficiency/videos/taa_interp3/taa_interp3_01_seed15001.mp4
taa_interp3,TAA+Interp-D4@3,taa_interp,measured,1,2,15002,20.208923993632197,14.787865651771426,5.421058341860771,1,/mnt/afs_2/houze/wanUpsampler/outputs/aaai27_experiments/quality_efficiency_distill4/warm_quality_efficiency/videos/taa_interp3/taa_interp3_02_seed15002.mp4
taa_interp3,TAA+Interp-D4@3,taa_interp,measured,2,3,15003,20.015696734189987,14.845459735020995,5.170236999168992,1,/mnt/afs_2/houze/wanUpsampler/outputs/aaai27_experiments/quality_efficiency_distill4/warm_quality_efficiency/videos/taa_interp3/taa_interp3_03_seed15003.mp4
taa_interp3,TAA+Interp-D4@3,taa_interp,measured,3,4,15004,20.030825901776552,14.804495448246598,5.226330453529954,1,/mnt/afs_2/houze/wanUpsampler/outputs/aaai27_experiments/quality_efficiency_distill4/warm_quality_efficiency/videos/taa_interp3/taa_interp3_04_seed15004.mp4
taa_interp3,TAA+Interp-D4@3,taa_interp,measured,4,5,15005,19.939030250534415,14.722917504608631,5.216112745925784,1,/mnt/afs_2/houze/wanUpsampler/outputs/aaai27_experiments/quality_efficiency_distill4/warm_quality_efficiency/videos/taa_interp3/taa_interp3_05_seed15005.mp4
cll3,CLL-D4@3,cll,warmup,0,0,15000,19.759946156293154,13.648080976679921,6.111865179613233,1,/mnt/afs_2/houze/wanUpsampler/outputs/aaai27_experiments/quality_efficiency_distill4/warm_quality_efficiency/videos/cll3/cll3_00_seed15000.mp4
cll3,CLL-D4@3,cll,measured,0,1,15001,18.20713426731527,13.08097575046122,5.126158516854048,1,/mnt/afs_2/houze/wanUpsampler/outputs/aaai27_experiments/quality_efficiency_distill4/warm_quality_efficiency/videos/cll3/cll3_01_seed15001.mp4
cll3,CLL-D4@3,cll,measured,1,2,15002,18.484445996582508,13.272030552849174,5.2124154437333345,1,/mnt/afs_2/houze/wanUpsampler/outputs/aaai27_experiments/quality_efficiency_distill4/warm_quality_efficiency/videos/cll3/cll3_02_seed15002.mp4
cll3,CLL-D4@3,cll,measured,2,3,15003,18.227522615343332,13.118487624451518,5.109034990891814,1,/mnt/afs_2/houze/wanUpsampler/outputs/aaai27_experiments/quality_efficiency_distill4/warm_quality_efficiency/videos/cll3/cll3_03_seed15003.mp4
cll3,CLL-D4@3,cll,measured,3,4,15004,18.363392999395728,13.112296080216765,5.251096919178963,1,/mnt/afs_2/houze/wanUpsampler/outputs/aaai27_experiments/quality_efficiency_distill4/warm_quality_efficiency/videos/cll3/cll3_04_seed15004.mp4
cll3,CLL-D4@3,cll,measured,4,5,15005,18.086806498467922,13.094822781160474,4.991983717307448,1,/mnt/afs_2/houze/wanUpsampler/outputs/aaai27_experiments/quality_efficiency_distill4/warm_quality_efficiency/videos/cll3/cll3_05_seed15005.mp4
talh3,TrajScale-D4@3,talh,warmup,0,0,15000,21.663334377110004,15.381989140063524,6.28134523704648,1,/mnt/afs_2/houze/wanUpsampler/outputs/aaai27_experiments/quality_efficiency_distill4/warm_quality_efficiency/videos/talh3/talh3_00_seed15000.mp4
talh3,TrajScale-D4@3,talh,measured,0,1,15001,19.86367685161531,14.808918425813317,5.054758425801992,1,/mnt/afs_2/houze/wanUpsampler/outputs/aaai27_experiments/quality_efficiency_distill4/warm_quality_efficiency/videos/talh3/talh3_01_seed15001.mp4
talh3,TrajScale-D4@3,talh,measured,1,2,15002,19.942328792065382,14.81387665681541,5.128452135249972,1,/mnt/afs_2/houze/wanUpsampler/outputs/aaai27_experiments/quality_efficiency_distill4/warm_quality_efficiency/videos/talh3/talh3_02_seed15002.mp4
talh3,TrajScale-D4@3,talh,measured,2,3,15003,19.911757877096534,14.8161938842386,5.095563992857933,1,/mnt/afs_2/houze/wanUpsampler/outputs/aaai27_experiments/quality_efficiency_distill4/warm_quality_efficiency/videos/talh3/talh3_03_seed15003.mp4
talh3,TrajScale-D4@3,talh,measured,3,4,15004,19.94883581995964,14.823675448074937,5.125160371884704,1,/mnt/afs_2/houze/wanUpsampler/outputs/aaai27_experiments/quality_efficiency_distill4/warm_quality_efficiency/videos/talh3/talh3_04_seed15004.mp4
talh3,TrajScale-D4@3,talh,measured,4,5,15005,19.94493143260479,14.963295497000217,4.981635935604572,1,/mnt/afs_2/houze/wanUpsampler/outputs/aaai27_experiments/quality_efficiency_distill4/warm_quality_efficiency/videos/talh3/talh3_05_seed15005.mp4
endpoint_stage2_0hr,Endpoint-STAGE2-0HR,endpoint_stage2,warmup,0,0,15000,11.511890405789018,5.408038184046745,6.103852221742272,1,/mnt/afs_2/houze/wanUpsampler/outputs/aaai27_experiments/quality_efficiency_distill4/warm_quality_efficiency/videos/endpoint_stage2_0hr/endpoint_stage2_0hr_00_seed15000.mp4
endpoint_stage2_0hr,Endpoint-STAGE2-0HR,endpoint_stage2,measured,0,1,15001,10.26249523088336,4.987392172217369,5.275103058665991,1,/mnt/afs_2/houze/wanUpsampler/outputs/aaai27_experiments/quality_efficiency_distill4/warm_quality_efficiency/videos/endpoint_stage2_0hr/endpoint_stage2_0hr_01_seed15001.mp4
endpoint_stage2_0hr,Endpoint-STAGE2-0HR,endpoint_stage2,measured,1,2,15002,10.264043126255274,5.019651561975479,5.244391564279795,1,/mnt/afs_2/houze/wanUpsampler/outputs/aaai27_experiments/quality_efficiency_distill4/warm_quality_efficiency/videos/endpoint_stage2_0hr/endpoint_stage2_0hr_02_seed15002.mp4
endpoint_stage2_0hr,Endpoint-STAGE2-0HR,endpoint_stage2,measured,2,3,15003,10.218876156955957,5.000247336924076,5.218628820031881,1,/mnt/afs_2/houze/wanUpsampler/outputs/aaai27_experiments/quality_efficiency_distill4/warm_quality_efficiency/videos/endpoint_stage2_0hr/endpoint_stage2_0hr_03_seed15003.mp4
endpoint_stage2_0hr,Endpoint-STAGE2-0HR,endpoint_stage2,measured,3,4,15004,10.199400471523404,4.998740093782544,5.20066037774086,1,/mnt/afs_2/houze/wanUpsampler/outputs/aaai27_experiments/quality_efficiency_distill4/warm_quality_efficiency/videos/endpoint_stage2_0hr/endpoint_stage2_0hr_04_seed15004.mp4
endpoint_stage2_0hr,Endpoint-STAGE2-0HR,endpoint_stage2,measured,4,5,15005,10.196429532021284,5.004502551630139,5.191926980391145,1,/mnt/afs_2/houze/wanUpsampler/outputs/aaai27_experiments/quality_efficiency_distill4/warm_quality_efficiency/videos/endpoint_stage2_0hr/endpoint_stage2_0hr_05_seed15005.mp4
endpoint_stage2_1hr,Endpoint-STAGE2-1HR,endpoint_stage2,warmup,0,0,15000,20.99372658878565,14.872468644753098,6.12125794403255,1,/mnt/afs_2/houze/wanUpsampler/outputs/aaai27_experiments/quality_efficiency_distill4/warm_quality_efficiency/videos/endpoint_stage2_1hr/endpoint_stage2_1hr_00_seed15000.mp4
endpoint_stage2_1hr,Endpoint-STAGE2-1HR,endpoint_stage2,measured,0,1,15001,19.445182405412197,14.356843737885356,5.088338667526841,1,/mnt/afs_2/houze/wanUpsampler/outputs/aaai27_experiments/quality_efficiency_distill4/warm_quality_efficiency/videos/endpoint_stage2_1hr/endpoint_stage2_1hr_01_seed15001.mp4
endpoint_stage2_1hr,Endpoint-STAGE2-1HR,endpoint_stage2,measured,1,2,15002,19.680908212438226,14.35741618834436,5.323492024093866,1,/mnt/afs_2/houze/wanUpsampler/outputs/aaai27_experiments/quality_efficiency_distill4/warm_quality_efficiency/videos/endpoint_stage2_1hr/endpoint_stage2_1hr_02_seed15002.mp4
endpoint_stage2_1hr,Endpoint-STAGE2-1HR,endpoint_stage2,measured,2,3,15003,19.385938305407763,14.306004414334893,5.079933891072869,1,/mnt/afs_2/houze/wanUpsampler/outputs/aaai27_experiments/quality_efficiency_distill4/warm_quality_efficiency/videos/endpoint_stage2_1hr/endpoint_stage2_1hr_03_seed15003.mp4
endpoint_stage2_1hr,Endpoint-STAGE2-1HR,endpoint_stage2,measured,3,4,15004,19.581981679424644,14.306969169527292,5.275012509897351,1,/mnt/afs_2/houze/wanUpsampler/outputs/aaai27_experiments/quality_efficiency_distill4/warm_quality_efficiency/videos/endpoint_stage2_1hr/endpoint_stage2_1hr_04_seed15004.mp4
endpoint_stage2_1hr,Endpoint-STAGE2-1HR,endpoint_stage2,measured,4,5,15005,19.35562171600759,14.331147011369467,5.0244747046381235,1,/mnt/afs_2/houze/wanUpsampler/outputs/aaai27_experiments/quality_efficiency_distill4/warm_quality_efficiency/videos/endpoint_stage2_1hr/endpoint_stage2_1hr_05_seed15005.mp4
endpoint_stage2_2hr,Endpoint-STAGE2-2HR,endpoint_stage2,warmup,0,0,15000,30.28101377375424,24.206831395626068,6.074182378128171,1,/mnt/afs_2/houze/wanUpsampler/outputs/aaai27_experiments/quality_efficiency_distill4/warm_quality_efficiency/videos/endpoint_stage2_2hr/endpoint_stage2_2hr_00_seed15000.mp4
endpoint_stage2_2hr,Endpoint-STAGE2-2HR,endpoint_stage2,measured,0,1,15001,28.888533305376768,23.675754852592945,5.212778452783823,1,/mnt/afs_2/houze/wanUpsampler/outputs/aaai27_experiments/quality_efficiency_distill4/warm_quality_efficiency/videos/endpoint_stage2_2hr/endpoint_stage2_2hr_01_seed15001.mp4
endpoint_stage2_2hr,Endpoint-STAGE2-2HR,endpoint_stage2,measured,1,2,15002,28.82955576479435,23.691573418676853,5.1379823461174965,1,/mnt/afs_2/houze/wanUpsampler/outputs/aaai27_experiments/quality_efficiency_distill4/warm_quality_efficiency/videos/endpoint_stage2_2hr/endpoint_stage2_2hr_02_seed15002.mp4
endpoint_stage2_2hr,Endpoint-STAGE2-2HR,endpoint_stage2,measured,2,3,15003,28.803255196660757,23.67564919218421,5.127606004476547,1,/mnt/afs_2/houze/wanUpsampler/outputs/aaai27_experiments/quality_efficiency_distill4/warm_quality_efficiency/videos/endpoint_stage2_2hr/endpoint_stage2_2hr_03_seed15003.mp4
endpoint_stage2_2hr,Endpoint-STAGE2-2HR,endpoint_stage2,measured,3,4,15004,28.67953037470579,23.569492598995566,5.110037775710225,1,/mnt/afs_2/houze/wanUpsampler/outputs/aaai27_experiments/quality_efficiency_distill4/warm_quality_efficiency/videos/endpoint_stage2_2hr/endpoint_stage2_2hr_04_seed15004.mp4
endpoint_stage2_2hr,Endpoint-STAGE2-2HR,endpoint_stage2,measured,4,5,15005,28.61091063171625,23.596993995830417,5.013916635885835,1,/mnt/afs_2/houze/wanUpsampler/outputs/aaai27_experiments/quality_efficiency_distill4/warm_quality_efficiency/videos/endpoint_stage2_2hr/endpoint_stage2_2hr_05_seed15005.mp4
endpoint_stage2_4hr,Endpoint-STAGE2-4HR,endpoint_stage2,warmup,0,0,15000,48.97804635204375,42.8134809397161,6.164565412327647,1,/mnt/afs_2/houze/wanUpsampler/outputs/aaai27_experiments/quality_efficiency_distill4/warm_quality_efficiency/videos/endpoint_stage2_4hr/endpoint_stage2_4hr_00_seed15000.mp4
endpoint_stage2_4hr,Endpoint-STAGE2-4HR,endpoint_stage2,measured,0,1,15001,47.445596773177385,42.37989190965891,5.0657048635184765,1,/mnt/afs_2/houze/wanUpsampler/outputs/aaai27_experiments/quality_efficiency_distill4/warm_quality_efficiency/videos/endpoint_stage2_4hr/endpoint_stage2_4hr_01_seed15001.mp4
endpoint_stage2_4hr,Endpoint-STAGE2-4HR,endpoint_stage2,measured,1,2,15002,47.58169303834438,42.39920251443982,5.182490523904562,1,/mnt/afs_2/houze/wanUpsampler/outputs/aaai27_experiments/quality_efficiency_distill4/warm_quality_efficiency/videos/endpoint_stage2_4hr/endpoint_stage2_4hr_02_seed15002.mp4
endpoint_stage2_4hr,Endpoint-STAGE2-4HR,endpoint_stage2,measured,2,3,15003,47.410980546846986,42.16861370392144,5.2423668429255486,1,/mnt/afs_2/houze/wanUpsampler/outputs/aaai27_experiments/quality_efficiency_distill4/warm_quality_efficiency/videos/endpoint_stage2_4hr/endpoint_stage2_4hr_03_seed15003.mp4
endpoint_stage2_4hr,Endpoint-STAGE2-4HR,endpoint_stage2,measured,3,4,15004,47.56091799773276,42.36131029576063,5.199607701972127,1,/mnt/afs_2/houze/wanUpsampler/outputs/aaai27_experiments/quality_efficiency_distill4/warm_quality_efficiency/videos/endpoint_stage2_4hr/endpoint_stage2_4hr_04_seed15004.mp4
endpoint_stage2_4hr,Endpoint-STAGE2-4HR,endpoint_stage2,measured,4,5,15005,47.227362817153335,42.20121943205595,5.0261433850973845,1,/mnt/afs_2/houze/wanUpsampler/outputs/aaai27_experiments/quality_efficiency_distill4/warm_quality_efficiency/videos/endpoint_stage2_4hr/endpoint_stage2_4hr_05_seed15005.mp4
endpoint_interp_0hr,Endpoint-INTERP-0HR,endpoint_interp,warmup,0,0,15000,11.836741795763373,5.451378466561437,6.385363329201937,1,/mnt/afs_2/houze/wanUpsampler/outputs/aaai27_experiments/quality_efficiency_distill4/warm_quality_efficiency/videos/endpoint_interp_0hr/endpoint_interp_0hr_00_seed15000.mp4
endpoint_interp_0hr,Endpoint-INTERP-0HR,endpoint_interp,measured,0,1,15001,10.051335249096155,4.924020476639271,5.127314772456884,1,/mnt/afs_2/houze/wanUpsampler/outputs/aaai27_experiments/quality_efficiency_distill4/warm_quality_efficiency/videos/endpoint_interp_0hr/endpoint_interp_0hr_01_seed15001.mp4
endpoint_interp_0hr,Endpoint-INTERP-0HR,endpoint_interp,measured,1,2,15002,10.30885655619204,4.9356145914644,5.37324196472764,1,/mnt/afs_2/houze/wanUpsampler/outputs/aaai27_experiments/quality_efficiency_distill4/warm_quality_efficiency/videos/endpoint_interp_0hr/endpoint_interp_0hr_02_seed15002.mp4
endpoint_interp_0hr,Endpoint-INTERP-0HR,endpoint_interp,measured,2,3,15003,10.126141162589192,4.944616863504052,5.18152429908514,1,/mnt/afs_2/houze/wanUpsampler/outputs/aaai27_experiments/quality_efficiency_distill4/warm_quality_efficiency/videos/endpoint_interp_0hr/endpoint_interp_0hr_03_seed15003.mp4
endpoint_interp_0hr,Endpoint-INTERP-0HR,endpoint_interp,measured,3,4,15004,10.246676083654165,4.94335931353271,5.303316770121455,1,/mnt/afs_2/houze/wanUpsampler/outputs/aaai27_experiments/quality_efficiency_distill4/warm_quality_efficiency/videos/endpoint_interp_0hr/endpoint_interp_0hr_04_seed15004.mp4
endpoint_interp_0hr,Endpoint-INTERP-0HR,endpoint_interp,measured,4,5,15005,10.056678419932723,4.958701517432928,5.097976902499795,1,/mnt/afs_2/houze/wanUpsampler/outputs/aaai27_experiments/quality_efficiency_distill4/warm_quality_efficiency/videos/endpoint_interp_0hr/endpoint_interp_0hr_05_seed15005.mp4
endpoint_interp_1hr,Endpoint-INTERP-1HR,endpoint_interp,warmup,0,0,15000,21.338900176808238,14.674782935529947,6.664117241278291,1,/mnt/afs_2/houze/wanUpsampler/outputs/aaai27_experiments/quality_efficiency_distill4/warm_quality_efficiency/videos/endpoint_interp_1hr/endpoint_interp_1hr_00_seed15000.mp4
endpoint_interp_1hr,Endpoint-INTERP-1HR,endpoint_interp,measured,0,1,15001,19.393221721053123,14.294785499572754,5.09843622148037,1,/mnt/afs_2/houze/wanUpsampler/outputs/aaai27_experiments/quality_efficiency_distill4/warm_quality_efficiency/videos/endpoint_interp_1hr/endpoint_interp_1hr_01_seed15001.mp4
endpoint_interp_1hr,Endpoint-INTERP-1HR,endpoint_interp,measured,1,2,15002,19.605535816401243,14.320506194606423,5.28502962179482,1,/mnt/afs_2/houze/wanUpsampler/outputs/aaai27_experiments/quality_efficiency_distill4/warm_quality_efficiency/videos/endpoint_interp_1hr/endpoint_interp_1hr_02_seed15002.mp4
endpoint_interp_1hr,Endpoint-INTERP-1HR,endpoint_interp,measured,2,3,15003,19.446394566446543,14.275367287918925,5.1710272785276175,1,/mnt/afs_2/houze/wanUpsampler/outputs/aaai27_experiments/quality_efficiency_distill4/warm_quality_efficiency/videos/endpoint_interp_1hr/endpoint_interp_1hr_03_seed15003.mp4
endpoint_interp_1hr,Endpoint-INTERP-1HR,endpoint_interp,measured,3,4,15004,19.688894452527165,14.407485667616129,5.2814087849110365,1,/mnt/afs_2/houze/wanUpsampler/outputs/aaai27_experiments/quality_efficiency_distill4/warm_quality_efficiency/videos/endpoint_interp_1hr/endpoint_interp_1hr_04_seed15004.mp4
endpoint_interp_1hr,Endpoint-INTERP-1HR,endpoint_interp,measured,4,5,15005,19.428455911576748,14.336510131135583,5.091945780441165,1,/mnt/afs_2/houze/wanUpsampler/outputs/aaai27_experiments/quality_efficiency_distill4/warm_quality_efficiency/videos/endpoint_interp_1hr/endpoint_interp_1hr_05_seed15005.mp4
endpoint_interp_2hr,Endpoint-INTERP-2HR,endpoint_interp,warmup,0,0,15000,30.272417368367314,24.086204819381237,6.186212548986077,1,/mnt/afs_2/houze/wanUpsampler/outputs/aaai27_experiments/quality_efficiency_distill4/warm_quality_efficiency/videos/endpoint_interp_2hr/endpoint_interp_2hr_00_seed15000.mp4
endpoint_interp_2hr,Endpoint-INTERP-2HR,endpoint_interp,measured,0,1,15001,28.800130425021052,23.551763113588095,5.248367311432958,1,/mnt/afs_2/houze/wanUpsampler/outputs/aaai27_experiments/quality_efficiency_distill4/warm_quality_efficiency/videos/endpoint_interp_2hr/endpoint_interp_2hr_01_seed15001.mp4
endpoint_interp_2hr,Endpoint-INTERP-2HR,endpoint_interp,measured,1,2,15002,28.811764867976308,23.569253709167242,5.242511158809066,1,/mnt/afs_2/houze/wanUpsampler/outputs/aaai27_experiments/quality_efficiency_distill4/warm_quality_efficiency/videos/endpoint_interp_2hr/endpoint_interp_2hr_02_seed15002.mp4
endpoint_interp_2hr,Endpoint-INTERP-2HR,endpoint_interp,measured,2,3,15003,28.94991558790207,23.681972013786435,5.267943574115634,1,/mnt/afs_2/houze/wanUpsampler/outputs/aaai27_experiments/quality_efficiency_distill4/warm_quality_efficiency/videos/endpoint_interp_2hr/endpoint_interp_2hr_03_seed15003.mp4
endpoint_interp_2hr,Endpoint-INTERP-2HR,endpoint_interp,measured,3,4,15004,28.918544432148337,23.624846793711185,5.293697638437152,1,/mnt/afs_2/houze/wanUpsampler/outputs/aaai27_experiments/quality_efficiency_distill4/warm_quality_efficiency/videos/endpoint_interp_2hr/endpoint_interp_2hr_04_seed15004.mp4
endpoint_interp_2hr,Endpoint-INTERP-2HR,endpoint_interp,measured,4,5,15005,28.577731147408485,23.547660874202847,5.030070273205638,1,/mnt/afs_2/houze/wanUpsampler/outputs/aaai27_experiments/quality_efficiency_distill4/warm_quality_efficiency/videos/endpoint_interp_2hr/endpoint_interp_2hr_05_seed15005.mp4
endpoint_interp_4hr,Endpoint-INTERP-4HR,endpoint_interp,warmup,0,0,15000,48.981119414791465,42.76719838194549,6.213921032845974,1,/mnt/afs_2/houze/wanUpsampler/outputs/aaai27_experiments/quality_efficiency_distill4/warm_quality_efficiency/videos/endpoint_interp_4hr/endpoint_interp_4hr_00_seed15000.mp4
endpoint_interp_4hr,Endpoint-INTERP-4HR,endpoint_interp,measured,0,1,15001,47.29402046278119,42.1387538574636,5.155266605317593,1,/mnt/afs_2/houze/wanUpsampler/outputs/aaai27_experiments/quality_efficiency_distill4/warm_quality_efficiency/videos/endpoint_interp_4hr/endpoint_interp_4hr_01_seed15001.mp4
endpoint_interp_4hr,Endpoint-INTERP-4HR,endpoint_interp,measured,1,2,15002,47.44538049772382,42.333341140300035,5.112039357423782,1,/mnt/afs_2/houze/wanUpsampler/outputs/aaai27_experiments/quality_efficiency_distill4/warm_quality_efficiency/videos/endpoint_interp_4hr/endpoint_interp_4hr_02_seed15002.mp4
endpoint_interp_4hr,Endpoint-INTERP-4HR,endpoint_interp,measured,2,3,15003,47.278312807902694,42.11146935634315,5.166843451559544,1,/mnt/afs_2/houze/wanUpsampler/outputs/aaai27_experiments/quality_efficiency_distill4/warm_quality_efficiency/videos/endpoint_interp_4hr/endpoint_interp_4hr_03_seed15003.mp4
endpoint_interp_4hr,Endpoint-INTERP-4HR,endpoint_interp,measured,3,4,15004,47.274973172694445,42.09679100476205,5.178182167932391,1,/mnt/afs_2/houze/wanUpsampler/outputs/aaai27_experiments/quality_efficiency_distill4/warm_quality_efficiency/videos/endpoint_interp_4hr/endpoint_interp_4hr_04_seed15004.mp4
endpoint_interp_4hr,Endpoint-INTERP-4HR,endpoint_interp,measured,4,5,15005,47.417457377538085,42.37546571344137,5.041991664096713,1,/mnt/afs_2/houze/wanUpsampler/outputs/aaai27_experiments/quality_efficiency_distill4/warm_quality_efficiency/videos/endpoint_interp_4hr/endpoint_interp_4hr_05_seed15005.mp4
endpoint_rgb_0hr,Endpoint-RGB-0HR,endpoint_rgb,warmup,0,0,15000,20.235881512984633,14.120031816884875,6.115849696099758,1,/mnt/afs_2/houze/wanUpsampler/outputs/aaai27_experiments/quality_efficiency_distill4/warm_quality_efficiency/videos/endpoint_rgb_0hr/endpoint_rgb_0hr_00_seed15000.mp4
endpoint_rgb_0hr,Endpoint-RGB-0HR,endpoint_rgb,measured,0,1,15001,17.77305456995964,12.602162271738052,5.170892298221588,1,/mnt/afs_2/houze/wanUpsampler/outputs/aaai27_experiments/quality_efficiency_distill4/warm_quality_efficiency/videos/endpoint_rgb_0hr/endpoint_rgb_0hr_01_seed15001.mp4
endpoint_rgb_0hr,Endpoint-RGB-0HR,endpoint_rgb,measured,1,2,15002,17.944956194609404,12.639570631086826,5.305385563522577,1,/mnt/afs_2/houze/wanUpsampler/outputs/aaai27_experiments/quality_efficiency_distill4/warm_quality_efficiency/videos/endpoint_rgb_0hr/endpoint_rgb_0hr_02_seed15002.mp4
endpoint_rgb_0hr,Endpoint-RGB-0HR,endpoint_rgb,measured,2,3,15003,17.80606684833765,12.590992590412498,5.215074257925153,1,/mnt/afs_2/houze/wanUpsampler/outputs/aaai27_experiments/quality_efficiency_distill4/warm_quality_efficiency/videos/endpoint_rgb_0hr/endpoint_rgb_0hr_03_seed15003.mp4
endpoint_rgb_0hr,Endpoint-RGB-0HR,endpoint_rgb,measured,3,4,15004,17.743239056319,12.554763417690992,5.188475638628006,1,/mnt/afs_2/houze/wanUpsampler/outputs/aaai27_experiments/quality_efficiency_distill4/warm_quality_efficiency/videos/endpoint_rgb_0hr/endpoint_rgb_0hr_04_seed15004.mp4
endpoint_rgb_0hr,Endpoint-RGB-0HR,endpoint_rgb,measured,4,5,15005,17.68023306131363,12.636967776343226,5.043265284970403,1,/mnt/afs_2/houze/wanUpsampler/outputs/aaai27_experiments/quality_efficiency_distill4/warm_quality_efficiency/videos/endpoint_rgb_0hr/endpoint_rgb_0hr_05_seed15005.mp4
endpoint_rgb_1hr,Endpoint-RGB-1HR,endpoint_rgb,warmup,0,0,15000,29.387711694464087,23.126537460833788,6.2611742336303,1,/mnt/afs_2/houze/wanUpsampler/outputs/aaai27_experiments/quality_efficiency_distill4/warm_quality_efficiency_p0_sigma012_20260723T064035Z/videos/endpoint_rgb_1hr/endpoint_rgb_1hr_00_seed15000.mp4
endpoint_rgb_1hr,Endpoint-RGB-1HR,endpoint_rgb,measured,0,1,15001,26.978855526074767,22.017647679895163,4.9612078461796045,1,/mnt/afs_2/houze/wanUpsampler/outputs/aaai27_experiments/quality_efficiency_distill4/warm_quality_efficiency_p0_sigma012_20260723T064035Z/videos/endpoint_rgb_1hr/endpoint_rgb_1hr_01_seed15001.mp4
endpoint_rgb_1hr,Endpoint-RGB-1HR,endpoint_rgb,measured,1,2,15002,26.98634271323681,21.90248646773398,5.0838562455028296,1,/mnt/afs_2/houze/wanUpsampler/outputs/aaai27_experiments/quality_efficiency_distill4/warm_quality_efficiency_p0_sigma012_20260723T064035Z/videos/endpoint_rgb_1hr/endpoint_rgb_1hr_02_seed15002.mp4
endpoint_rgb_1hr,Endpoint-RGB-1HR,endpoint_rgb,measured,2,3,15003,27.23879761248827,22.045440511777997,5.193357100710273,1,/mnt/afs_2/houze/wanUpsampler/outputs/aaai27_experiments/quality_efficiency_distill4/warm_quality_efficiency_p0_sigma012_20260723T064035Z/videos/endpoint_rgb_1hr/endpoint_rgb_1hr_03_seed15003.mp4
endpoint_rgb_1hr,Endpoint-RGB-1HR,endpoint_rgb,measured,3,4,15004,27.481034660711884,22.071158856153488,5.409875804558396,1,/mnt/afs_2/houze/wanUpsampler/outputs/aaai27_experiments/quality_efficiency_distill4/warm_quality_efficiency_p0_sigma012_20260723T064035Z/videos/endpoint_rgb_1hr/endpoint_rgb_1hr_04_seed15004.mp4
endpoint_rgb_1hr,Endpoint-RGB-1HR,endpoint_rgb,measured,4,5,15005,26.897959550842643,21.93652180954814,4.961437741294503,1,/mnt/afs_2/houze/wanUpsampler/outputs/aaai27_experiments/quality_efficiency_distill4/warm_quality_efficiency_p0_sigma012_20260723T064035Z/videos/endpoint_rgb_1hr/endpoint_rgb_1hr_05_seed15005.mp4
endpoint_rgb_2hr,Endpoint-RGB-2HR,endpoint_rgb,warmup,0,0,15000,38.89506555348635,32.708535958081484,6.186529595404863,1,/mnt/afs_2/houze/wanUpsampler/outputs/aaai27_experiments/quality_efficiency_distill4/warm_quality_efficiency/videos/endpoint_rgb_2hr/endpoint_rgb_2hr_00_seed15000.mp4
endpoint_rgb_2hr,Endpoint-RGB-2HR,endpoint_rgb,measured,0,1,15001,36.534913366660476,31.288608722388744,5.246304644271731,1,/mnt/afs_2/houze/wanUpsampler/outputs/aaai27_experiments/quality_efficiency_distill4/warm_quality_efficiency/videos/endpoint_rgb_2hr/endpoint_rgb_2hr_01_seed15001.mp4
endpoint_rgb_2hr,Endpoint-RGB-2HR,endpoint_rgb,measured,1,2,15002,36.83644635975361,31.66301310993731,5.1734332498162985,1,/mnt/afs_2/houze/wanUpsampler/outputs/aaai27_experiments/quality_efficiency_distill4/warm_quality_efficiency/videos/endpoint_rgb_2hr/endpoint_rgb_2hr_02_seed15002.mp4
endpoint_rgb_2hr,Endpoint-RGB-2HR,endpoint_rgb,measured,2,3,15003,36.534246591851115,31.386410646140575,5.14783594571054,1,/mnt/afs_2/houze/wanUpsampler/outputs/aaai27_experiments/quality_efficiency_distill4/warm_quality_efficiency/videos/endpoint_rgb_2hr/endpoint_rgb_2hr_03_seed15003.mp4
endpoint_rgb_2hr,Endpoint-RGB-2HR,endpoint_rgb,measured,3,4,15004,36.997643649578094,31.888624794781208,5.1090188547968864,1,/mnt/afs_2/houze/wanUpsampler/outputs/aaai27_experiments/quality_efficiency_distill4/warm_quality_efficiency/videos/endpoint_rgb_2hr/endpoint_rgb_2hr_04_seed15004.mp4
endpoint_rgb_2hr,Endpoint-RGB-2HR,endpoint_rgb,measured,4,5,15005,36.52119159139693,31.380860276520252,5.140331314876676,1,/mnt/afs_2/houze/wanUpsampler/outputs/aaai27_experiments/quality_efficiency_distill4/warm_quality_efficiency/videos/endpoint_rgb_2hr/endpoint_rgb_2hr_05_seed15005.mp4
endpoint_rgb_4hr,Endpoint-RGB-4HR,endpoint_rgb,warmup,0,0,15000,57.43867758847773,51.166392458602786,6.272285129874945,1,/mnt/afs_2/houze/wanUpsampler/outputs/aaai27_experiments/quality_efficiency_distill4/warm_quality_efficiency/videos/endpoint_rgb_4hr/endpoint_rgb_4hr_00_seed15000.mp4
endpoint_rgb_4hr,Endpoint-RGB-4HR,endpoint_rgb,measured,0,1,15001,55.3031175583601,50.096346931532025,5.2067706268280745,1,/mnt/afs_2/houze/wanUpsampler/outputs/aaai27_experiments/quality_efficiency_distill4/warm_quality_efficiency/videos/endpoint_rgb_4hr/endpoint_rgb_4hr_01_seed15001.mp4
endpoint_rgb_4hr,Endpoint-RGB-4HR,endpoint_rgb,measured,1,2,15002,54.89059901051223,49.78734511323273,5.103253897279501,1,/mnt/afs_2/houze/wanUpsampler/outputs/aaai27_experiments/quality_efficiency_distill4/warm_quality_efficiency/videos/endpoint_rgb_4hr/endpoint_rgb_4hr_02_seed15002.mp4
endpoint_rgb_4hr,Endpoint-RGB-4HR,endpoint_rgb,measured,2,3,15003,55.11592788808048,49.79715517349541,5.318772714585066,1,/mnt/afs_2/houze/wanUpsampler/outputs/aaai27_experiments/quality_efficiency_distill4/warm_quality_efficiency/videos/endpoint_rgb_4hr/endpoint_rgb_4hr_03_seed15003.mp4
endpoint_rgb_4hr,Endpoint-RGB-4HR,endpoint_rgb,measured,3,4,15004,55.221483539789915,50.054308665916324,5.167174873873591,1,/mnt/afs_2/houze/wanUpsampler/outputs/aaai27_experiments/quality_efficiency_distill4/warm_quality_efficiency/videos/endpoint_rgb_4hr/endpoint_rgb_4hr_04_seed15004.mp4
endpoint_rgb_4hr,Endpoint-RGB-4HR,endpoint_rgb,measured,4,5,15005,55.06290094554424,50.06408069655299,4.998820248991251,1,/mnt/afs_2/houze/wanUpsampler/outputs/aaai27_experiments/quality_efficiency_distill4/warm_quality_efficiency/videos/endpoint_rgb_4hr/endpoint_rgb_4hr_05_seed15005.mp4
