case,filename,expected,status,size_bytes,sha256,probe_status,path
native_hr4,native_hr4_00_seed9800.mp4,True,valid,1024124,f982340661366c121761d59c8bcf711ad51149a675da042035fcbd6eca446a36,valid,/mnt/afs_2/houze/wanUpsampler/outputs/aaai27_experiments/quality_efficiency_distill4/videos/native_hr4/native_hr4_00_seed9800.mp4
native_hr4,native_hr4_01_seed9801.mp4,True,valid,1182391,66a89ea41c025744df607ebf9fda1a7f170fbc51317366ac51e5862640dd9c70,valid,/mnt/afs_2/houze/wanUpsampler/outputs/aaai27_experiments/quality_efficiency_distill4/videos/native_hr4/native_hr4_01_seed9801.mp4
native_hr4,native_hr4_02_seed9802.mp4,True,valid,1367255,ef05637277356495c1f2452180df6919951737d42411e749bccfcd2c74d94dac,valid,/mnt/afs_2/houze/wanUpsampler/outputs/aaai27_experiments/quality_efficiency_distill4/videos/native_hr4/native_hr4_02_seed9802.mp4
native_hr4,native_hr4_03_seed9803.mp4,True,valid,1955910,a156d4272eec16ad49e4ac710542131d317c7070ff1d42b639a171a6b633bcd9,valid,/mnt/afs_2/houze/wanUpsampler/outputs/aaai27_experiments/quality_efficiency_distill4/videos/native_hr4/native_hr4_03_seed9803.mp4
native_hr4,native_hr4_04_seed9804.mp4,True,valid,1470002,c4716ed74b173ce20b2366e180880f82ca936b38f338032f4d8a3b2b7078adb2,valid,/mnt/afs_2/houze/wanUpsampler/outputs/aaai27_experiments/quality_efficiency_distill4/videos/native_hr4/native_hr4_04_seed9804.mp4
native_hr4,native_hr4_05_seed9805.mp4,True,valid,871731,375a3e33191c2bd141f00c93795a4dd7b61baa1805a7a8e407da96a365c4e271,valid,/mnt/afs_2/houze/wanUpsampler/outputs/aaai27_experiments/quality_efficiency_distill4/videos/native_hr4/native_hr4_05_seed9805.mp4
native_hr4,native_hr4_06_seed9806.mp4,True,valid,1191465,96e99a9cbd8ef7ce6d654c478c5a14e7024d1d8a0d8c2f92742e082bc01a0979,valid,/mnt/afs_2/houze/wanUpsampler/outputs/aaai27_experiments/quality_efficiency_distill4/videos/native_hr4/native_hr4_06_seed9806.mp4
native_hr4,native_hr4_07_seed9807.mp4,True,valid,2617026,d477bcc83265260db7717a83872c1ce4986baa3a3b5dbb68429a1d79949bf6f5,valid,/mnt/afs_2/houze/wanUpsampler/outputs/aaai27_experiments/quality_efficiency_distill4/videos/native_hr4/native_hr4_07_seed9807.mp4
native_hr4,native_hr4_08_seed9808.mp4,True,valid,1007917,8ca9fbd6843b25ffdc700c0fb35d5dcba38c44abe6bf781f81e3b476a0a33af6,valid,/mnt/afs_2/houze/wanUpsampler/outputs/aaai27_experiments/quality_efficiency_distill4/videos/native_hr4/native_hr4_08_seed9808.mp4
native_hr4,native_hr4_09_seed9809.mp4,True,valid,1420228,d61caa4a13f3de9a3d0182e5f1362d51add43085f91d5ab5ad83cb5d0819404c,valid,/mnt/afs_2/houze/wanUpsampler/outputs/aaai27_experiments/quality_efficiency_distill4/videos/native_hr4/native_hr4_09_seed9809.mp4
interp2,interp2_00_seed9800.mp4,True,valid,1771652,d03bb3e5ba8f258ef263a64e83a89571359d161821abc3baa967564831de1a94,valid,/mnt/afs_2/houze/wanUpsampler/outputs/aaai27_experiments/quality_efficiency_distill4/videos/interp2/interp2_00_seed9800.mp4
interp2,interp2_01_seed9801.mp4,True,valid,1261887,429f936fec047b42cda072ae9b7f56fe905d03f8530f99480f207ab77adb4d61,valid,/mnt/afs_2/houze/wanUpsampler/outputs/aaai27_experiments/quality_efficiency_distill4/videos/interp2/interp2_01_seed9801.mp4
interp2,interp2_02_seed9802.mp4,True,valid,7922964,5eb2a172b591dcafedaf5d495da73da80fe695f435ff4f9a779d497a9f1c78fd,valid,/mnt/afs_2/houze/wanUpsampler/outputs/aaai27_experiments/quality_efficiency_distill4/videos/interp2/interp2_02_seed9802.mp4
interp2,interp2_03_seed9803.mp4,True,valid,2444121,7913e926180ccf3ced31bd921285aca254b8ec3350cf3647d1c08b926582482b,valid,/mnt/afs_2/houze/wanUpsampler/outputs/aaai27_experiments/quality_efficiency_distill4/videos/interp2/interp2_03_seed9803.mp4
interp2,interp2_04_seed9804.mp4,True,valid,2659203,e2ede782a50f18da7068e6062181dd868a7825368353dd537165eafe96532d99,valid,/mnt/afs_2/houze/wanUpsampler/outputs/aaai27_experiments/quality_efficiency_distill4/videos/interp2/interp2_04_seed9804.mp4
interp2,interp2_05_seed9805.mp4,True,valid,1570460,a299893df7f8bfa0d5d321c7c60b26af1aebf8d8d862bbe11f2a4e0bad2d6a90,valid,/mnt/afs_2/houze/wanUpsampler/outputs/aaai27_experiments/quality_efficiency_distill4/videos/interp2/interp2_05_seed9805.mp4
interp2,interp2_06_seed9806.mp4,True,valid,1734613,fa53ddc368bd9459bf355f0be024a6913f49f2ad29e418b9b4e9f324c1a9cea9,valid,/mnt/afs_2/houze/wanUpsampler/outputs/aaai27_experiments/quality_efficiency_distill4/videos/interp2/interp2_06_seed9806.mp4
interp2,interp2_07_seed9807.mp4,True,valid,3463721,3f9bdfb6e09acef3a35170146b8221ce50f2f11b3aec0f640846ad91e789c538,valid,/mnt/afs_2/houze/wanUpsampler/outputs/aaai27_experiments/quality_efficiency_distill4/videos/interp2/interp2_07_seed9807.mp4
interp2,interp2_08_seed9808.mp4,True,valid,1560827,ebc070516cde6f3d156ce538b01c9b2bae82bdf4863c9f3658635723e46b472b,valid,/mnt/afs_2/houze/wanUpsampler/outputs/aaai27_experiments/quality_efficiency_distill4/videos/interp2/interp2_08_seed9808.mp4
interp2,interp2_09_seed9809.mp4,True,valid,1836278,96ca28b4b27f6bde2146014e9aeab6e71fe5dd27286c250fc96718233a360bc8,valid,/mnt/afs_2/houze/wanUpsampler/outputs/aaai27_experiments/quality_efficiency_distill4/videos/interp2/interp2_09_seed9809.mp4
interp3,interp3_00_seed9800.mp4,True,valid,1836075,4dd8eb176df7e61b3e7e249dddd0dc020c4d8cfba350bedea6484feef7617b02,valid,/mnt/afs_2/houze/wanUpsampler/outputs/aaai27_experiments/quality_efficiency_distill4/videos/interp3/interp3_00_seed9800.mp4
interp3,interp3_01_seed9801.mp4,True,valid,1441297,1d8c881972ad988b054d54974cb0b32ddc3c548d14603c008add7b9006b52de9,valid,/mnt/afs_2/houze/wanUpsampler/outputs/aaai27_experiments/quality_efficiency_distill4/videos/interp3/interp3_01_seed9801.mp4
interp3,interp3_02_seed9802.mp4,True,valid,7500377,e64ba6eeeb7cd55c4b1f13932cf862adee9d1123fb865050ecd9d71dc44a908f,valid,/mnt/afs_2/houze/wanUpsampler/outputs/aaai27_experiments/quality_efficiency_distill4/videos/interp3/interp3_02_seed9802.mp4
interp3,interp3_03_seed9803.mp4,True,valid,2663321,f7ef62395ad9550d061cd041e8a45cdac05fb0a5561a44390118a1fe26012df0,valid,/mnt/afs_2/houze/wanUpsampler/outputs/aaai27_experiments/quality_efficiency_distill4/videos/interp3/interp3_03_seed9803.mp4
interp3,interp3_04_seed9804.mp4,True,valid,3034985,60cbb351bf34c4e590380711d8b12da34eb4ed4abecaaaf80c6f7f9b82e85bab,valid,/mnt/afs_2/houze/wanUpsampler/outputs/aaai27_experiments/quality_efficiency_distill4/videos/interp3/interp3_04_seed9804.mp4
interp3,interp3_05_seed9805.mp4,True,valid,1733341,1bb3359ae65428df17e68e8a3da673e2aaca8208fd8937fc4894ff77ca24602c,valid,/mnt/afs_2/houze/wanUpsampler/outputs/aaai27_experiments/quality_efficiency_distill4/videos/interp3/interp3_05_seed9805.mp4
interp3,interp3_06_seed9806.mp4,True,valid,2073492,1cf2d58b2656e865bcb1456e342d6c946fc078fb8ab1dcc086330cad0cb07457,valid,/mnt/afs_2/houze/wanUpsampler/outputs/aaai27_experiments/quality_efficiency_distill4/videos/interp3/interp3_06_seed9806.mp4
interp3,interp3_07_seed9807.mp4,True,valid,3657315,03d413a890b95cc7c86b62b2a8260d046dbd81900965c31e92fa8cdb2702b863,valid,/mnt/afs_2/houze/wanUpsampler/outputs/aaai27_experiments/quality_efficiency_distill4/videos/interp3/interp3_07_seed9807.mp4
interp3,interp3_08_seed9808.mp4,True,valid,2500105,e68d9377e24de157c4db3f248e6fb46da6591d031be4ba76a2d0cbdb745a85ba,valid,/mnt/afs_2/houze/wanUpsampler/outputs/aaai27_experiments/quality_efficiency_distill4/videos/interp3/interp3_08_seed9808.mp4
interp3,interp3_09_seed9809.mp4,True,valid,2191759,083eaf2c771abb7af5e8d2e42676866bc7c07a56ba01eb0459e509fe4bc163c1,valid,/mnt/afs_2/houze/wanUpsampler/outputs/aaai27_experiments/quality_efficiency_distill4/videos/interp3/interp3_09_seed9809.mp4
taa_interp3,taa_interp3_00_seed9800.mp4,True,valid,1880406,891baa4e71e3aa461373b4b8a776a77777649893ad763a7990762d3f635dfcf2,valid,/mnt/afs_2/houze/wanUpsampler/outputs/aaai27_experiments/quality_efficiency_distill4/videos/taa_interp3/taa_interp3_00_seed9800.mp4
taa_interp3,taa_interp3_01_seed9801.mp4,True,valid,1437481,2ac701efb8a05c0b5bc7a78c6dbe25428d50f5680c899ecf8fbf089f30139ff4,valid,/mnt/afs_2/houze/wanUpsampler/outputs/aaai27_experiments/quality_efficiency_distill4/videos/taa_interp3/taa_interp3_01_seed9801.mp4
taa_interp3,taa_interp3_02_seed9802.mp4,True,valid,7338579,dde440923a0889af46bfde1b56592061432b145cde3b99a93a326e053eb159a1,valid,/mnt/afs_2/houze/wanUpsampler/outputs/aaai27_experiments/quality_efficiency_distill4/videos/taa_interp3/taa_interp3_02_seed9802.mp4
taa_interp3,taa_interp3_03_seed9803.mp4,True,valid,2705342,b9a0e130f0c755286d1de813b6413b1884eb01430e0980b050ac245a5895cef6,valid,/mnt/afs_2/houze/wanUpsampler/outputs/aaai27_experiments/quality_efficiency_distill4/videos/taa_interp3/taa_interp3_03_seed9803.mp4
taa_interp3,taa_interp3_04_seed9804.mp4,True,valid,3108441,3279d802d2143f7667130ab65d187bf261a0f0bf5e69ccf0477cc90347c9fc20,valid,/mnt/afs_2/houze/wanUpsampler/outputs/aaai27_experiments/quality_efficiency_distill4/videos/taa_interp3/taa_interp3_04_seed9804.mp4
taa_interp3,taa_interp3_05_seed9805.mp4,True,valid,1763706,71560c8b06702f031cfeec621daabf859be03223514b1d3b3b3ca53b739b83d8,valid,/mnt/afs_2/houze/wanUpsampler/outputs/aaai27_experiments/quality_efficiency_distill4/videos/taa_interp3/taa_interp3_05_seed9805.mp4
taa_interp3,taa_interp3_06_seed9806.mp4,True,valid,2139319,9d21324eba514dd2334a2b1841b697978383d327d8f207276eda1d4246670a3c,valid,/mnt/afs_2/houze/wanUpsampler/outputs/aaai27_experiments/quality_efficiency_distill4/videos/taa_interp3/taa_interp3_06_seed9806.mp4
taa_interp3,taa_interp3_07_seed9807.mp4,True,valid,3668991,7e69ae476b1b497ded84bd65640ac1b973fac90693c75929116cb244bc64ff61,valid,/mnt/afs_2/houze/wanUpsampler/outputs/aaai27_experiments/quality_efficiency_distill4/videos/taa_interp3/taa_interp3_07_seed9807.mp4
taa_interp3,taa_interp3_08_seed9808.mp4,True,valid,2447620,fff8c286b116fe1deb027c45c99b9bb3f0e6fd6d074f6e92801fa7cd14ab778b,valid,/mnt/afs_2/houze/wanUpsampler/outputs/aaai27_experiments/quality_efficiency_distill4/videos/taa_interp3/taa_interp3_08_seed9808.mp4
taa_interp3,taa_interp3_09_seed9809.mp4,True,valid,2196465,3a6dfb75353c2991c94467374859cc3ab08c960c6400b39c987ff89516a218a6,valid,/mnt/afs_2/houze/wanUpsampler/outputs/aaai27_experiments/quality_efficiency_distill4/videos/taa_interp3/taa_interp3_09_seed9809.mp4
cll3,cll3_00_seed9800.mp4,True,valid,839444,7321e3dcb1da76996b1c452590bfedebc36f960e023e3a6b49c48c5ed68eeaf2,valid,/mnt/afs_2/houze/wanUpsampler/outputs/aaai27_experiments/quality_efficiency_distill4/videos/cll3/cll3_00_seed9800.mp4
cll3,cll3_01_seed9801.mp4,True,valid,899307,c59517f33cac851c891d202892f902b78da20e9e86fcba8189996521d17961ac,valid,/mnt/afs_2/houze/wanUpsampler/outputs/aaai27_experiments/quality_efficiency_distill4/videos/cll3/cll3_01_seed9801.mp4
cll3,cll3_02_seed9802.mp4,True,valid,3060021,3572905d5488ca0255cb5e7e97b532b1091216f118a4a7a558194d400fe026f1,valid,/mnt/afs_2/houze/wanUpsampler/outputs/aaai27_experiments/quality_efficiency_distill4/videos/cll3/cll3_02_seed9802.mp4
cll3,cll3_03_seed9803.mp4,True,valid,1445928,c59cf5f5ed49972a969128081b94dcc355c8ef849f98f820e154bf2fc3e63ca1,valid,/mnt/afs_2/houze/wanUpsampler/outputs/aaai27_experiments/quality_efficiency_distill4/videos/cll3/cll3_03_seed9803.mp4
cll3,cll3_04_seed9804.mp4,True,valid,1430826,30b8a3e70e91b4d2d763b2ba6e7ce72cb3225b096ea1f45fa85f64ce30e8472e,valid,/mnt/afs_2/houze/wanUpsampler/outputs/aaai27_experiments/quality_efficiency_distill4/videos/cll3/cll3_04_seed9804.mp4
cll3,cll3_05_seed9805.mp4,True,valid,810421,ea20e0fffbcf823978ff335630fd11b3574d492e7f691b4525a302d0b60c2e51,valid,/mnt/afs_2/houze/wanUpsampler/outputs/aaai27_experiments/quality_efficiency_distill4/videos/cll3/cll3_05_seed9805.mp4
cll3,cll3_06_seed9806.mp4,True,valid,859224,16232315596db2acf049e18f8d26a0afb04108b788b4e048e4750ffb86c41143,valid,/mnt/afs_2/houze/wanUpsampler/outputs/aaai27_experiments/quality_efficiency_distill4/videos/cll3/cll3_06_seed9806.mp4
cll3,cll3_07_seed9807.mp4,True,valid,2119365,7d01b400906c22da1281ec89f476cf29a724e6954bfd627cfdf673889f326f36,valid,/mnt/afs_2/houze/wanUpsampler/outputs/aaai27_experiments/quality_efficiency_distill4/videos/cll3/cll3_07_seed9807.mp4
cll3,cll3_08_seed9808.mp4,True,valid,764409,c6efce1f8aa84dcd2299b935ebd72c5b94008264ad75b2c019e1f83dbfa6e4b5,valid,/mnt/afs_2/houze/wanUpsampler/outputs/aaai27_experiments/quality_efficiency_distill4/videos/cll3/cll3_08_seed9808.mp4
cll3,cll3_09_seed9809.mp4,True,valid,1048241,185e55b3e645bd655b264ec3b8dd3c48f88604ce868c85ca1f84e79b1f185c1f,valid,/mnt/afs_2/houze/wanUpsampler/outputs/aaai27_experiments/quality_efficiency_distill4/videos/cll3/cll3_09_seed9809.mp4
talh3,talh3_00_seed9800.mp4,True,valid,863217,39922ea9e98220d30cd155711e2f51cad08adadb3a9bb4ea0148c67ab395cac2,valid,/mnt/afs_2/houze/wanUpsampler/outputs/aaai27_experiments/quality_efficiency_distill4/videos/talh3/talh3_00_seed9800.mp4
talh3,talh3_01_seed9801.mp4,True,valid,887287,27b04695a60e37064f1b26b04e0d4601f740db533ac7ce97278c3a6b551fba78,valid,/mnt/afs_2/houze/wanUpsampler/outputs/aaai27_experiments/quality_efficiency_distill4/videos/talh3/talh3_01_seed9801.mp4
talh3,talh3_02_seed9802.mp4,True,valid,2975927,4247333ce8aefe7bd89b00f7d051258992ff29a9e52eebf5b67b7d6207d3fd8d,valid,/mnt/afs_2/houze/wanUpsampler/outputs/aaai27_experiments/quality_efficiency_distill4/videos/talh3/talh3_02_seed9802.mp4
talh3,talh3_03_seed9803.mp4,True,valid,1534375,010d5c10d72c2d8df07abe2881795cc87da1fa80303befc716fa64929ef0c672,valid,/mnt/afs_2/houze/wanUpsampler/outputs/aaai27_experiments/quality_efficiency_distill4/videos/talh3/talh3_03_seed9803.mp4
talh3,talh3_04_seed9804.mp4,True,valid,1465636,4ba803b2d3319267543206b9585d868c057c7bdb884b3d8a8a3a0f86ef2c02b3,valid,/mnt/afs_2/houze/wanUpsampler/outputs/aaai27_experiments/quality_efficiency_distill4/videos/talh3/talh3_04_seed9804.mp4
talh3,talh3_05_seed9805.mp4,True,valid,843113,2b34f4113789fe6ddc14e28c7f449b847a753413499f18d958beee7b6b9f18d1,valid,/mnt/afs_2/houze/wanUpsampler/outputs/aaai27_experiments/quality_efficiency_distill4/videos/talh3/talh3_05_seed9805.mp4
talh3,talh3_06_seed9806.mp4,True,valid,889008,e0b0c21d41efa1c0ee3a34a0ea012d5a05cc5e50ba20e75a626c7e64f77d4627,valid,/mnt/afs_2/houze/wanUpsampler/outputs/aaai27_experiments/quality_efficiency_distill4/videos/talh3/talh3_06_seed9806.mp4
talh3,talh3_07_seed9807.mp4,True,valid,2175465,3b5b1b8c1ca60b82e8d8023754b4826db05fdc291ea75c7e88693d0d7a24097a,valid,/mnt/afs_2/houze/wanUpsampler/outputs/aaai27_experiments/quality_efficiency_distill4/videos/talh3/talh3_07_seed9807.mp4
talh3,talh3_08_seed9808.mp4,True,valid,767922,71c89ab8a61774285f724a2202a6d9619fead94dff9055e74e249bbfd8df6319,valid,/mnt/afs_2/houze/wanUpsampler/outputs/aaai27_experiments/quality_efficiency_distill4/videos/talh3/talh3_08_seed9808.mp4
talh3,talh3_09_seed9809.mp4,True,valid,1064041,ca0fb8f192ec5134f18f7dfd537c0bf5d69bfa7dcdead15a30cf8c9180693889,valid,/mnt/afs_2/houze/wanUpsampler/outputs/aaai27_experiments/quality_efficiency_distill4/videos/talh3/talh3_09_seed9809.mp4
endpoint_stage2_0hr,endpoint_stage2_0hr_00_seed9800.mp4,True,valid,954818,e100381e44ffa50876be19a631ca7eb84632d1d43abdba371609baa40d9f55f3,valid,/mnt/afs_2/houze/wanUpsampler/outputs/aaai27_experiments/quality_efficiency_distill4/videos/endpoint_stage2_0hr/endpoint_stage2_0hr_00_seed9800.mp4
endpoint_stage2_0hr,endpoint_stage2_0hr_01_seed9801.mp4,True,valid,1032570,1411ff18a23e510c83a846b7d961fe03369f5dc7f14fcffe63ac5b12fc683c9f,valid,/mnt/afs_2/houze/wanUpsampler/outputs/aaai27_experiments/quality_efficiency_distill4/videos/endpoint_stage2_0hr/endpoint_stage2_0hr_01_seed9801.mp4
endpoint_stage2_0hr,endpoint_stage2_0hr_02_seed9802.mp4,True,valid,4025497,61211b96b06c700a3f6f5a240ea0566f485b5b386b30d1d3a752c2d1e952765b,valid,/mnt/afs_2/houze/wanUpsampler/outputs/aaai27_experiments/quality_efficiency_distill4/videos/endpoint_stage2_0hr/endpoint_stage2_0hr_02_seed9802.mp4
endpoint_stage2_0hr,endpoint_stage2_0hr_03_seed9803.mp4,True,valid,1818033,726b70df8a8469ae45a104db83ae7af62d6a0e8f332001382ea28454152a20a5,valid,/mnt/afs_2/houze/wanUpsampler/outputs/aaai27_experiments/quality_efficiency_distill4/videos/endpoint_stage2_0hr/endpoint_stage2_0hr_03_seed9803.mp4
endpoint_stage2_0hr,endpoint_stage2_0hr_04_seed9804.mp4,True,valid,1815169,0d273106803894014842fe4d6751b1913d441c8f01daf71b55f13b8de9f59a0d,valid,/mnt/afs_2/houze/wanUpsampler/outputs/aaai27_experiments/quality_efficiency_distill4/videos/endpoint_stage2_0hr/endpoint_stage2_0hr_04_seed9804.mp4
endpoint_stage2_0hr,endpoint_stage2_0hr_05_seed9805.mp4,True,valid,1128612,8ad3cf569ccf584012dd02685d5160f19332005f6547fbd69e30c3c1fb0fb875,valid,/mnt/afs_2/houze/wanUpsampler/outputs/aaai27_experiments/quality_efficiency_distill4/videos/endpoint_stage2_0hr/endpoint_stage2_0hr_05_seed9805.mp4
endpoint_stage2_0hr,endpoint_stage2_0hr_06_seed9806.mp4,True,valid,1218633,c4908279cbb939688e02eb84d181d27cb2e063a248fe9c960f318ebd5c3f9c5b,valid,/mnt/afs_2/houze/wanUpsampler/outputs/aaai27_experiments/quality_efficiency_distill4/videos/endpoint_stage2_0hr/endpoint_stage2_0hr_06_seed9806.mp4
endpoint_stage2_0hr,endpoint_stage2_0hr_07_seed9807.mp4,True,valid,2207971,7df6098b2565badd76d0c6c38123ddbb3873c7f527f3a4adb9c53432988b4fdc,valid,/mnt/afs_2/houze/wanUpsampler/outputs/aaai27_experiments/quality_efficiency_distill4/videos/endpoint_stage2_0hr/endpoint_stage2_0hr_07_seed9807.mp4
endpoint_stage2_0hr,endpoint_stage2_0hr_08_seed9808.mp4,True,valid,845375,1c6f22db0d08fcfdb88ad729d66b16df514e740ce5bfc2c4263d580e1be5207f,valid,/mnt/afs_2/houze/wanUpsampler/outputs/aaai27_experiments/quality_efficiency_distill4/videos/endpoint_stage2_0hr/endpoint_stage2_0hr_08_seed9808.mp4
endpoint_stage2_0hr,endpoint_stage2_0hr_09_seed9809.mp4,True,valid,1312439,ac2fa024ba0bdeed0f2bb33f4ff0f061c2d2754adae474e1876b57a68a3fd070,valid,/mnt/afs_2/houze/wanUpsampler/outputs/aaai27_experiments/quality_efficiency_distill4/videos/endpoint_stage2_0hr/endpoint_stage2_0hr_09_seed9809.mp4
endpoint_stage2_1hr,endpoint_stage2_1hr_00_seed9800.mp4,True,valid,820903,ea87216dbecbaa7667540fddf370ad9ed55cfb605682b08cfe01b704adfef683,valid,/mnt/afs_2/houze/wanUpsampler/outputs/aaai27_experiments/quality_efficiency_distill4/videos/endpoint_stage2_1hr/endpoint_stage2_1hr_00_seed9800.mp4
endpoint_stage2_1hr,endpoint_stage2_1hr_01_seed9801.mp4,True,valid,822548,d4ead89ee17afc5dd6d8879c5c242e6669ac161e02672c7013bc365c5beb1ca2,valid,/mnt/afs_2/houze/wanUpsampler/outputs/aaai27_experiments/quality_efficiency_distill4/videos/endpoint_stage2_1hr/endpoint_stage2_1hr_01_seed9801.mp4
endpoint_stage2_1hr,endpoint_stage2_1hr_02_seed9802.mp4,True,valid,2850942,db640b860b10cd85bed673558637390321b6a99595d0d18f3ce8e21f336a6748,valid,/mnt/afs_2/houze/wanUpsampler/outputs/aaai27_experiments/quality_efficiency_distill4/videos/endpoint_stage2_1hr/endpoint_stage2_1hr_02_seed9802.mp4
endpoint_stage2_1hr,endpoint_stage2_1hr_03_seed9803.mp4,True,valid,1394318,496b7e7ba4d20c4d64f81e97398b373f3020bba569a535ef171d9fe99946277f,valid,/mnt/afs_2/houze/wanUpsampler/outputs/aaai27_experiments/quality_efficiency_distill4/videos/endpoint_stage2_1hr/endpoint_stage2_1hr_03_seed9803.mp4
endpoint_stage2_1hr,endpoint_stage2_1hr_04_seed9804.mp4,True,valid,1440593,43d2e32eb4c46ac22eb753ebd2085afb03c529fd6ff9f92f5d5d917dce701752,valid,/mnt/afs_2/houze/wanUpsampler/outputs/aaai27_experiments/quality_efficiency_distill4/videos/endpoint_stage2_1hr/endpoint_stage2_1hr_04_seed9804.mp4
endpoint_stage2_1hr,endpoint_stage2_1hr_05_seed9805.mp4,True,valid,791868,f3e6c3b8748a40fadb9514c013239e9c0c904e688cf67919a6f82b0c68b0f24b,valid,/mnt/afs_2/houze/wanUpsampler/outputs/aaai27_experiments/quality_efficiency_distill4/videos/endpoint_stage2_1hr/endpoint_stage2_1hr_05_seed9805.mp4
endpoint_stage2_1hr,endpoint_stage2_1hr_06_seed9806.mp4,True,valid,865815,6435679147c5087db4a6f583ab97a4d9f2cfde8fefcb33eeaa309c7bd7e13911,valid,/mnt/afs_2/houze/wanUpsampler/outputs/aaai27_experiments/quality_efficiency_distill4/videos/endpoint_stage2_1hr/endpoint_stage2_1hr_06_seed9806.mp4
endpoint_stage2_1hr,endpoint_stage2_1hr_07_seed9807.mp4,True,valid,2002110,b5eed6b77c0aeef0bacc75d61c7200e3fdc3048005cd598245873c296a415b8d,valid,/mnt/afs_2/houze/wanUpsampler/outputs/aaai27_experiments/quality_efficiency_distill4/videos/endpoint_stage2_1hr/endpoint_stage2_1hr_07_seed9807.mp4
endpoint_stage2_1hr,endpoint_stage2_1hr_08_seed9808.mp4,True,valid,686862,daef57bd974c85bfaf57b97970acc1b336e3df7e88a82ec228a8c0abc25050bc,valid,/mnt/afs_2/houze/wanUpsampler/outputs/aaai27_experiments/quality_efficiency_distill4/videos/endpoint_stage2_1hr/endpoint_stage2_1hr_08_seed9808.mp4
endpoint_stage2_1hr,endpoint_stage2_1hr_09_seed9809.mp4,True,valid,1052014,f2bfe16834b570447a04ed45723a58b3affd76ce92552b0c59c293dfc95c0919,valid,/mnt/afs_2/houze/wanUpsampler/outputs/aaai27_experiments/quality_efficiency_distill4/videos/endpoint_stage2_1hr/endpoint_stage2_1hr_09_seed9809.mp4
endpoint_stage2_2hr,endpoint_stage2_2hr_00_seed9800.mp4,True,valid,964258,3f3c394c96e68d48916b26ce11d7b4228a76aad88c5d21765697b69cecf360d0,valid,/mnt/afs_2/houze/wanUpsampler/outputs/aaai27_experiments/quality_efficiency_distill4/videos/endpoint_stage2_2hr/endpoint_stage2_2hr_00_seed9800.mp4
endpoint_stage2_2hr,endpoint_stage2_2hr_01_seed9801.mp4,True,valid,829355,01bf472de302a0697c6477652b57e8abaa0cabf105d08a0da9a81e80f501135b,valid,/mnt/afs_2/houze/wanUpsampler/outputs/aaai27_experiments/quality_efficiency_distill4/videos/endpoint_stage2_2hr/endpoint_stage2_2hr_01_seed9801.mp4
endpoint_stage2_2hr,endpoint_stage2_2hr_02_seed9802.mp4,True,valid,2910551,95a929d4b26b302ecc7e44e94d467a49dc56496c7ed43cd8b5e9f9ae3a9aa0af,valid,/mnt/afs_2/houze/wanUpsampler/outputs/aaai27_experiments/quality_efficiency_distill4/videos/endpoint_stage2_2hr/endpoint_stage2_2hr_02_seed9802.mp4
endpoint_stage2_2hr,endpoint_stage2_2hr_03_seed9803.mp4,True,valid,1534950,f18d182a9e4462b5da3e92d9dd753de35b2defb638269f81705a98e53a1d04cf,valid,/mnt/afs_2/houze/wanUpsampler/outputs/aaai27_experiments/quality_efficiency_distill4/videos/endpoint_stage2_2hr/endpoint_stage2_2hr_03_seed9803.mp4
endpoint_stage2_2hr,endpoint_stage2_2hr_04_seed9804.mp4,True,valid,1630461,e22d44b75838a13f26ce08c78dc90e6417b63854a4a44ebeffc8906632aff1c9,valid,/mnt/afs_2/houze/wanUpsampler/outputs/aaai27_experiments/quality_efficiency_distill4/videos/endpoint_stage2_2hr/endpoint_stage2_2hr_04_seed9804.mp4
endpoint_stage2_2hr,endpoint_stage2_2hr_05_seed9805.mp4,True,valid,785932,2ce226e8a61ee13af7f2751da8a272318f9b5a4b2c218c1bbf0b3f269eba491b,valid,/mnt/afs_2/houze/wanUpsampler/outputs/aaai27_experiments/quality_efficiency_distill4/videos/endpoint_stage2_2hr/endpoint_stage2_2hr_05_seed9805.mp4
endpoint_stage2_2hr,endpoint_stage2_2hr_06_seed9806.mp4,True,valid,858583,b440d9b2db8ffcbd991b905a89f6121a3037f90a85d84db105ca5ceab081f666,valid,/mnt/afs_2/houze/wanUpsampler/outputs/aaai27_experiments/quality_efficiency_distill4/videos/endpoint_stage2_2hr/endpoint_stage2_2hr_06_seed9806.mp4
endpoint_stage2_2hr,endpoint_stage2_2hr_07_seed9807.mp4,True,valid,2220505,2fbb652a5cdccaabaa9da1d506a162dc6c26586c7db46dd08b99cfc22aa8102a,valid,/mnt/afs_2/houze/wanUpsampler/outputs/aaai27_experiments/quality_efficiency_distill4/videos/endpoint_stage2_2hr/endpoint_stage2_2hr_07_seed9807.mp4
endpoint_stage2_2hr,endpoint_stage2_2hr_08_seed9808.mp4,True,valid,542881,6c2c7e0d2b31680d46295f1e77bb79b7b6ee8e1edca51cab418313184b843009,valid,/mnt/afs_2/houze/wanUpsampler/outputs/aaai27_experiments/quality_efficiency_distill4/videos/endpoint_stage2_2hr/endpoint_stage2_2hr_08_seed9808.mp4
endpoint_stage2_2hr,endpoint_stage2_2hr_09_seed9809.mp4,True,valid,1149991,5bd1542684b6ec021f524e2173e407e2c9d2fa7017101a00904185d4e0fe2563,valid,/mnt/afs_2/houze/wanUpsampler/outputs/aaai27_experiments/quality_efficiency_distill4/videos/endpoint_stage2_2hr/endpoint_stage2_2hr_09_seed9809.mp4
endpoint_stage2_4hr,endpoint_stage2_4hr_00_seed9800.mp4,True,valid,1555311,d2d0416afc448935bf2a104e6d7d9324416616df49b337f29b559def09396710,valid,/mnt/afs_2/houze/wanUpsampler/outputs/aaai27_experiments/quality_efficiency_distill4/videos/endpoint_stage2_4hr/endpoint_stage2_4hr_00_seed9800.mp4
endpoint_stage2_4hr,endpoint_stage2_4hr_01_seed9801.mp4,True,valid,852236,a1f72c2e629c05e1bb9b584bcd0fff5f871498fa82ea644917ef1bbb7b5b7f9c,valid,/mnt/afs_2/houze/wanUpsampler/outputs/aaai27_experiments/quality_efficiency_distill4/videos/endpoint_stage2_4hr/endpoint_stage2_4hr_01_seed9801.mp4
endpoint_stage2_4hr,endpoint_stage2_4hr_02_seed9802.mp4,True,valid,1525539,8101ba8859878a55f9e07540a1d2efa1ea7c47f9131d3caf20ab102a771637c2,valid,/mnt/afs_2/houze/wanUpsampler/outputs/aaai27_experiments/quality_efficiency_distill4/videos/endpoint_stage2_4hr/endpoint_stage2_4hr_02_seed9802.mp4
endpoint_stage2_4hr,endpoint_stage2_4hr_03_seed9803.mp4,True,valid,2011319,1e8c356204c9fb212b4ef1229e6bc0fd456f32836e75573708a02d15c3b5c09a,valid,/mnt/afs_2/houze/wanUpsampler/outputs/aaai27_experiments/quality_efficiency_distill4/videos/endpoint_stage2_4hr/endpoint_stage2_4hr_03_seed9803.mp4
endpoint_stage2_4hr,endpoint_stage2_4hr_04_seed9804.mp4,True,valid,1798863,722ff3a0466ace0e74915c0a8d8dfb731810c938055b1b3f41d310e425d5cee3,valid,/mnt/afs_2/houze/wanUpsampler/outputs/aaai27_experiments/quality_efficiency_distill4/videos/endpoint_stage2_4hr/endpoint_stage2_4hr_04_seed9804.mp4
endpoint_stage2_4hr,endpoint_stage2_4hr_05_seed9805.mp4,True,valid,988325,25005badcb4c76d19ef46e5c9826870a5172e5a58ffa5aa6cc34dc1e87a9e972,valid,/mnt/afs_2/houze/wanUpsampler/outputs/aaai27_experiments/quality_efficiency_distill4/videos/endpoint_stage2_4hr/endpoint_stage2_4hr_05_seed9805.mp4
endpoint_stage2_4hr,endpoint_stage2_4hr_06_seed9806.mp4,True,valid,953181,55045b6e152a18cff962bf49a275f19701b936e19c22724faf123a1b47219dd4,valid,/mnt/afs_2/houze/wanUpsampler/outputs/aaai27_experiments/quality_efficiency_distill4/videos/endpoint_stage2_4hr/endpoint_stage2_4hr_06_seed9806.mp4
endpoint_stage2_4hr,endpoint_stage2_4hr_07_seed9807.mp4,True,valid,2668321,745981a3c4a35a9ead12969494df1e60a3384fd653449b3e0fd007529b07ba1b,valid,/mnt/afs_2/houze/wanUpsampler/outputs/aaai27_experiments/quality_efficiency_distill4/videos/endpoint_stage2_4hr/endpoint_stage2_4hr_07_seed9807.mp4
endpoint_stage2_4hr,endpoint_stage2_4hr_08_seed9808.mp4,True,valid,868486,47d594346b3f710a02367c46be4ddb028da1a3c3722db01619b6fc2eed026b20,valid,/mnt/afs_2/houze/wanUpsampler/outputs/aaai27_experiments/quality_efficiency_distill4/videos/endpoint_stage2_4hr/endpoint_stage2_4hr_08_seed9808.mp4
endpoint_stage2_4hr,endpoint_stage2_4hr_09_seed9809.mp4,True,valid,1149873,a392ab5775c532cf284dffaf0212d0d9797bf9cfe023c39b54256ce5725903a8,valid,/mnt/afs_2/houze/wanUpsampler/outputs/aaai27_experiments/quality_efficiency_distill4/videos/endpoint_stage2_4hr/endpoint_stage2_4hr_09_seed9809.mp4
endpoint_interp_0hr,endpoint_interp_0hr_00_seed9800.mp4,True,valid,1706698,393537334b18ad6ecd500a9db5e422c8140c2370525c7c1b784a02f069dcab7c,valid,/mnt/afs_2/houze/wanUpsampler/outputs/aaai27_experiments/quality_efficiency_distill4/videos/endpoint_interp_0hr/endpoint_interp_0hr_00_seed9800.mp4
endpoint_interp_0hr,endpoint_interp_0hr_01_seed9801.mp4,True,valid,1469875,7733154fbc8976328eb70d42a4c456314a84dad228ad1895b5e076f4a3f54f90,valid,/mnt/afs_2/houze/wanUpsampler/outputs/aaai27_experiments/quality_efficiency_distill4/videos/endpoint_interp_0hr/endpoint_interp_0hr_01_seed9801.mp4
endpoint_interp_0hr,endpoint_interp_0hr_02_seed9802.mp4,True,valid,7423604,2727b0de8c2e73ce40dbea2784b6d3bd3c7d841a68e28fbf8289e685553114cb,valid,/mnt/afs_2/houze/wanUpsampler/outputs/aaai27_experiments/quality_efficiency_distill4/videos/endpoint_interp_0hr/endpoint_interp_0hr_02_seed9802.mp4
endpoint_interp_0hr,endpoint_interp_0hr_03_seed9803.mp4,True,valid,2706092,c219b5f51bc701178cd3a68418c1dc5d9927b48fb37adbc51762bd1065ae47c5,valid,/mnt/afs_2/houze/wanUpsampler/outputs/aaai27_experiments/quality_efficiency_distill4/videos/endpoint_interp_0hr/endpoint_interp_0hr_03_seed9803.mp4
endpoint_interp_0hr,endpoint_interp_0hr_04_seed9804.mp4,True,valid,3095103,8970d9df174910737a4a530db9b8d3df44776f503ba6b66e7cadbdddc29428e0,valid,/mnt/afs_2/houze/wanUpsampler/outputs/aaai27_experiments/quality_efficiency_distill4/videos/endpoint_interp_0hr/endpoint_interp_0hr_04_seed9804.mp4
endpoint_interp_0hr,endpoint_interp_0hr_05_seed9805.mp4,True,valid,1892310,e8be3ba11bce37fdd5ec82fff6df3dbcdedd14b201379e2bc1386700486988ed,valid,/mnt/afs_2/houze/wanUpsampler/outputs/aaai27_experiments/quality_efficiency_distill4/videos/endpoint_interp_0hr/endpoint_interp_0hr_05_seed9805.mp4
endpoint_interp_0hr,endpoint_interp_0hr_06_seed9806.mp4,True,valid,2122838,6b103280d7cf9c24ad6820dceb6f5d0546b134afae9e3e7529c0b2caca19c344,valid,/mnt/afs_2/houze/wanUpsampler/outputs/aaai27_experiments/quality_efficiency_distill4/videos/endpoint_interp_0hr/endpoint_interp_0hr_06_seed9806.mp4
endpoint_interp_0hr,endpoint_interp_0hr_07_seed9807.mp4,True,valid,3531339,eaff40292afe4e8fd0758a54c587409bc7c0ff085016e6dc3a37ffd2abfbbe87,valid,/mnt/afs_2/houze/wanUpsampler/outputs/aaai27_experiments/quality_efficiency_distill4/videos/endpoint_interp_0hr/endpoint_interp_0hr_07_seed9807.mp4
endpoint_interp_0hr,endpoint_interp_0hr_08_seed9808.mp4,True,valid,1785593,0dadd4c821743f0bb72e3aea51791c52b169ac4c0619fae44169952a76660af8,valid,/mnt/afs_2/houze/wanUpsampler/outputs/aaai27_experiments/quality_efficiency_distill4/videos/endpoint_interp_0hr/endpoint_interp_0hr_08_seed9808.mp4
endpoint_interp_0hr,endpoint_interp_0hr_09_seed9809.mp4,True,valid,2107647,5e70219821a50bdea93e6cd641e73fe65b9497259f6129037ad0c71315ee62aa,valid,/mnt/afs_2/houze/wanUpsampler/outputs/aaai27_experiments/quality_efficiency_distill4/videos/endpoint_interp_0hr/endpoint_interp_0hr_09_seed9809.mp4
endpoint_interp_1hr,endpoint_interp_1hr_00_seed9800.mp4,True,valid,1831157,c5bb6a29dfef68a37207f9c4e57790350a9724dfcfb46027b84bce0916f3abc7,valid,/mnt/afs_2/houze/wanUpsampler/outputs/aaai27_experiments/quality_efficiency_distill4/videos/endpoint_interp_1hr/endpoint_interp_1hr_00_seed9800.mp4
endpoint_interp_1hr,endpoint_interp_1hr_01_seed9801.mp4,True,valid,1421714,dd4a9ed0080bd57d4d3a7833a25f9ed309001bc05a56d7b66d4e9698a82d276b,valid,/mnt/afs_2/houze/wanUpsampler/outputs/aaai27_experiments/quality_efficiency_distill4/videos/endpoint_interp_1hr/endpoint_interp_1hr_01_seed9801.mp4
endpoint_interp_1hr,endpoint_interp_1hr_02_seed9802.mp4,True,valid,7472198,8abcf3b035fbd66c250582b91793fbbad4c20a73424509421823b7db25237d12,valid,/mnt/afs_2/houze/wanUpsampler/outputs/aaai27_experiments/quality_efficiency_distill4/videos/endpoint_interp_1hr/endpoint_interp_1hr_02_seed9802.mp4
endpoint_interp_1hr,endpoint_interp_1hr_03_seed9803.mp4,True,valid,2662950,284402cb725633b0fc87ae63934043a9a800f461ab7791dce4135be180d85155,valid,/mnt/afs_2/houze/wanUpsampler/outputs/aaai27_experiments/quality_efficiency_distill4/videos/endpoint_interp_1hr/endpoint_interp_1hr_03_seed9803.mp4
endpoint_interp_1hr,endpoint_interp_1hr_04_seed9804.mp4,True,valid,3108617,bd39d2e1d1209d0a063cc2b2a9672107d51ba3da840bd8e1f8c38167c8512bef,valid,/mnt/afs_2/houze/wanUpsampler/outputs/aaai27_experiments/quality_efficiency_distill4/videos/endpoint_interp_1hr/endpoint_interp_1hr_04_seed9804.mp4
endpoint_interp_1hr,endpoint_interp_1hr_05_seed9805.mp4,True,valid,1740886,9b584c1d25721bc3f1f5bb94f88a70bb4c63ab6388b5dbc01017c101c6e285e6,valid,/mnt/afs_2/houze/wanUpsampler/outputs/aaai27_experiments/quality_efficiency_distill4/videos/endpoint_interp_1hr/endpoint_interp_1hr_05_seed9805.mp4
endpoint_interp_1hr,endpoint_interp_1hr_06_seed9806.mp4,True,valid,2125257,0c859ef58a0c08cea5be2db40f9fa99f7520d82292540897bea7bbdda1c03cd8,valid,/mnt/afs_2/houze/wanUpsampler/outputs/aaai27_experiments/quality_efficiency_distill4/videos/endpoint_interp_1hr/endpoint_interp_1hr_06_seed9806.mp4
endpoint_interp_1hr,endpoint_interp_1hr_07_seed9807.mp4,True,valid,3584900,09d369df5d3441e6901da028c8b3b65f4f05e57f72a902e8656e0d2ea3a1cd8f,valid,/mnt/afs_2/houze/wanUpsampler/outputs/aaai27_experiments/quality_efficiency_distill4/videos/endpoint_interp_1hr/endpoint_interp_1hr_07_seed9807.mp4
endpoint_interp_1hr,endpoint_interp_1hr_08_seed9808.mp4,True,valid,2380471,4ec8b27574408c1ef41c1a83510958f28ce62d0f1555290cb0cb6a3dc0f0621c,valid,/mnt/afs_2/houze/wanUpsampler/outputs/aaai27_experiments/quality_efficiency_distill4/videos/endpoint_interp_1hr/endpoint_interp_1hr_08_seed9808.mp4
endpoint_interp_1hr,endpoint_interp_1hr_09_seed9809.mp4,True,valid,2227811,bea013eac0fd09e734344d480342be37f47f04561ea1a4eec5f4f8f7e66b8888,valid,/mnt/afs_2/houze/wanUpsampler/outputs/aaai27_experiments/quality_efficiency_distill4/videos/endpoint_interp_1hr/endpoint_interp_1hr_09_seed9809.mp4
endpoint_interp_2hr,endpoint_interp_2hr_00_seed9800.mp4,True,valid,1780195,70a85ca96afe3b0514ab7122d725a58a78b6fcee31cd07084865f2d565c0aea6,valid,/mnt/afs_2/houze/wanUpsampler/outputs/aaai27_experiments/quality_efficiency_distill4/videos/endpoint_interp_2hr/endpoint_interp_2hr_00_seed9800.mp4
endpoint_interp_2hr,endpoint_interp_2hr_01_seed9801.mp4,True,valid,1279852,0fc081e1477ff4889b1f463721aa803b7fe5d7576f76284e5cf41019ba52bebf,valid,/mnt/afs_2/houze/wanUpsampler/outputs/aaai27_experiments/quality_efficiency_distill4/videos/endpoint_interp_2hr/endpoint_interp_2hr_01_seed9801.mp4
endpoint_interp_2hr,endpoint_interp_2hr_02_seed9802.mp4,True,valid,6926935,53e8606fd7ba07497211da0f2643839e715c795bd4c1a8be810f14398e98519c,valid,/mnt/afs_2/houze/wanUpsampler/outputs/aaai27_experiments/quality_efficiency_distill4/videos/endpoint_interp_2hr/endpoint_interp_2hr_02_seed9802.mp4
endpoint_interp_2hr,endpoint_interp_2hr_03_seed9803.mp4,True,valid,2599869,8fdc0e0a89cf62076d30e3381a082988097207f17085875a89c21c6f461893f6,valid,/mnt/afs_2/houze/wanUpsampler/outputs/aaai27_experiments/quality_efficiency_distill4/videos/endpoint_interp_2hr/endpoint_interp_2hr_03_seed9803.mp4
endpoint_interp_2hr,endpoint_interp_2hr_04_seed9804.mp4,True,valid,2832844,dfb61274aee9b3c2f5b754d83f75930e5944da322877d0789dce91a12768b26f,valid,/mnt/afs_2/houze/wanUpsampler/outputs/aaai27_experiments/quality_efficiency_distill4/videos/endpoint_interp_2hr/endpoint_interp_2hr_04_seed9804.mp4
endpoint_interp_2hr,endpoint_interp_2hr_05_seed9805.mp4,True,valid,1557368,27a48093333211fec1f33a13a8191360c9b0605633d3d0d9e461111122014bcb,valid,/mnt/afs_2/houze/wanUpsampler/outputs/aaai27_experiments/quality_efficiency_distill4/videos/endpoint_interp_2hr/endpoint_interp_2hr_05_seed9805.mp4
endpoint_interp_2hr,endpoint_interp_2hr_06_seed9806.mp4,True,valid,1857778,d3fce6a55526b442af10b056e156ec838d4609547b22f8dc25d14752f907da1d,valid,/mnt/afs_2/houze/wanUpsampler/outputs/aaai27_experiments/quality_efficiency_distill4/videos/endpoint_interp_2hr/endpoint_interp_2hr_06_seed9806.mp4
endpoint_interp_2hr,endpoint_interp_2hr_07_seed9807.mp4,True,valid,3544017,111f33b24579c1feaf2f3977a800b6408c1512e0ed7aca081189cb186b372c99,valid,/mnt/afs_2/houze/wanUpsampler/outputs/aaai27_experiments/quality_efficiency_distill4/videos/endpoint_interp_2hr/endpoint_interp_2hr_07_seed9807.mp4
endpoint_interp_2hr,endpoint_interp_2hr_08_seed9808.mp4,True,valid,1339931,a48d526db630b519c2d36a2520b3559f44c4c7b23051dc339439a4fa7d066b60,valid,/mnt/afs_2/houze/wanUpsampler/outputs/aaai27_experiments/quality_efficiency_distill4/videos/endpoint_interp_2hr/endpoint_interp_2hr_08_seed9808.mp4
endpoint_interp_2hr,endpoint_interp_2hr_09_seed9809.mp4,True,valid,2033116,31243e9d00b0ce8a3fa1bbe6b99ce3c5f7851f54369d13800a26558da34fbb92,valid,/mnt/afs_2/houze/wanUpsampler/outputs/aaai27_experiments/quality_efficiency_distill4/videos/endpoint_interp_2hr/endpoint_interp_2hr_09_seed9809.mp4
endpoint_interp_4hr,endpoint_interp_4hr_00_seed9800.mp4,True,valid,1555311,d2d0416afc448935bf2a104e6d7d9324416616df49b337f29b559def09396710,valid,/mnt/afs_2/houze/wanUpsampler/outputs/aaai27_experiments/quality_efficiency_distill4/videos/endpoint_interp_4hr/endpoint_interp_4hr_00_seed9800.mp4
endpoint_interp_4hr,endpoint_interp_4hr_01_seed9801.mp4,True,valid,852236,a1f72c2e629c05e1bb9b584bcd0fff5f871498fa82ea644917ef1bbb7b5b7f9c,valid,/mnt/afs_2/houze/wanUpsampler/outputs/aaai27_experiments/quality_efficiency_distill4/videos/endpoint_interp_4hr/endpoint_interp_4hr_01_seed9801.mp4
endpoint_interp_4hr,endpoint_interp_4hr_02_seed9802.mp4,True,valid,1525539,8101ba8859878a55f9e07540a1d2efa1ea7c47f9131d3caf20ab102a771637c2,valid,/mnt/afs_2/houze/wanUpsampler/outputs/aaai27_experiments/quality_efficiency_distill4/videos/endpoint_interp_4hr/endpoint_interp_4hr_02_seed9802.mp4
endpoint_interp_4hr,endpoint_interp_4hr_03_seed9803.mp4,True,valid,2011319,1e8c356204c9fb212b4ef1229e6bc0fd456f32836e75573708a02d15c3b5c09a,valid,/mnt/afs_2/houze/wanUpsampler/outputs/aaai27_experiments/quality_efficiency_distill4/videos/endpoint_interp_4hr/endpoint_interp_4hr_03_seed9803.mp4
endpoint_interp_4hr,endpoint_interp_4hr_04_seed9804.mp4,True,valid,1798863,722ff3a0466ace0e74915c0a8d8dfb731810c938055b1b3f41d310e425d5cee3,valid,/mnt/afs_2/houze/wanUpsampler/outputs/aaai27_experiments/quality_efficiency_distill4/videos/endpoint_interp_4hr/endpoint_interp_4hr_04_seed9804.mp4
endpoint_interp_4hr,endpoint_interp_4hr_05_seed9805.mp4,True,valid,988325,25005badcb4c76d19ef46e5c9826870a5172e5a58ffa5aa6cc34dc1e87a9e972,valid,/mnt/afs_2/houze/wanUpsampler/outputs/aaai27_experiments/quality_efficiency_distill4/videos/endpoint_interp_4hr/endpoint_interp_4hr_05_seed9805.mp4
endpoint_interp_4hr,endpoint_interp_4hr_06_seed9806.mp4,True,valid,953181,55045b6e152a18cff962bf49a275f19701b936e19c22724faf123a1b47219dd4,valid,/mnt/afs_2/houze/wanUpsampler/outputs/aaai27_experiments/quality_efficiency_distill4/videos/endpoint_interp_4hr/endpoint_interp_4hr_06_seed9806.mp4
endpoint_interp_4hr,endpoint_interp_4hr_07_seed9807.mp4,True,valid,2668321,745981a3c4a35a9ead12969494df1e60a3384fd653449b3e0fd007529b07ba1b,valid,/mnt/afs_2/houze/wanUpsampler/outputs/aaai27_experiments/quality_efficiency_distill4/videos/endpoint_interp_4hr/endpoint_interp_4hr_07_seed9807.mp4
endpoint_interp_4hr,endpoint_interp_4hr_08_seed9808.mp4,True,valid,868486,47d594346b3f710a02367c46be4ddb028da1a3c3722db01619b6fc2eed026b20,valid,/mnt/afs_2/houze/wanUpsampler/outputs/aaai27_experiments/quality_efficiency_distill4/videos/endpoint_interp_4hr/endpoint_interp_4hr_08_seed9808.mp4
endpoint_interp_4hr,endpoint_interp_4hr_09_seed9809.mp4,True,valid,1149873,a392ab5775c532cf284dffaf0212d0d9797bf9cfe023c39b54256ce5725903a8,valid,/mnt/afs_2/houze/wanUpsampler/outputs/aaai27_experiments/quality_efficiency_distill4/videos/endpoint_interp_4hr/endpoint_interp_4hr_09_seed9809.mp4
endpoint_rgb_0hr,endpoint_rgb_0hr_00_seed9800.mp4,True,valid,1041994,7bff6a73d040e9bbc84b1c8033d5f83423a559eb986997c39592460ace0c821f,valid,/mnt/afs_2/houze/wanUpsampler/outputs/aaai27_experiments/quality_efficiency_distill4/videos/endpoint_rgb_0hr/endpoint_rgb_0hr_00_seed9800.mp4
endpoint_rgb_0hr,endpoint_rgb_0hr_01_seed9801.mp4,True,valid,684884,2e7678cdff226c2bc9632f355492a1c81d3e5937b8f93967de3fa650b5a81b2c,valid,/mnt/afs_2/houze/wanUpsampler/outputs/aaai27_experiments/quality_efficiency_distill4/videos/endpoint_rgb_0hr/endpoint_rgb_0hr_01_seed9801.mp4
endpoint_rgb_0hr,endpoint_rgb_0hr_02_seed9802.mp4,True,valid,2498527,abaeddebe4243e59f249a846fd5358be9dd14d586b41ff3a488f878d7c02984d,valid,/mnt/afs_2/houze/wanUpsampler/outputs/aaai27_experiments/quality_efficiency_distill4/videos/endpoint_rgb_0hr/endpoint_rgb_0hr_02_seed9802.mp4
endpoint_rgb_0hr,endpoint_rgb_0hr_03_seed9803.mp4,True,valid,1214064,09d3eae41d65a94be0980fb7feccb2ca9ecfc3f6bb946b872b516d507af21d9d,valid,/mnt/afs_2/houze/wanUpsampler/outputs/aaai27_experiments/quality_efficiency_distill4/videos/endpoint_rgb_0hr/endpoint_rgb_0hr_03_seed9803.mp4
endpoint_rgb_0hr,endpoint_rgb_0hr_04_seed9804.mp4,True,valid,1528807,dbbae59ff327115a3001d517d79ae1a901adcee0fd7b3a930ce700798fc3c6f9,valid,/mnt/afs_2/houze/wanUpsampler/outputs/aaai27_experiments/quality_efficiency_distill4/videos/endpoint_rgb_0hr/endpoint_rgb_0hr_04_seed9804.mp4
endpoint_rgb_0hr,endpoint_rgb_0hr_05_seed9805.mp4,True,valid,849467,43e9a5ecb06df92ea3d8b7708d4fb848de1efbbae4423e1bcdb9fd2783a30a18,valid,/mnt/afs_2/houze/wanUpsampler/outputs/aaai27_experiments/quality_efficiency_distill4/videos/endpoint_rgb_0hr/endpoint_rgb_0hr_05_seed9805.mp4
endpoint_rgb_0hr,endpoint_rgb_0hr_06_seed9806.mp4,True,valid,999581,ad3d77570dab7dd5fa6fc8de25b7b42988414b972a0e5bfc6c5c0b9fe6b77bc6,valid,/mnt/afs_2/houze/wanUpsampler/outputs/aaai27_experiments/quality_efficiency_distill4/videos/endpoint_rgb_0hr/endpoint_rgb_0hr_06_seed9806.mp4
endpoint_rgb_0hr,endpoint_rgb_0hr_07_seed9807.mp4,True,valid,1770214,0fa8eac9e8ef59cad72c9684e7ca1c8e5cbd083e6b16cf05b034e5cf002ef3b5,valid,/mnt/afs_2/houze/wanUpsampler/outputs/aaai27_experiments/quality_efficiency_distill4/videos/endpoint_rgb_0hr/endpoint_rgb_0hr_07_seed9807.mp4
endpoint_rgb_0hr,endpoint_rgb_0hr_08_seed9808.mp4,True,valid,543739,6cbeeb721a50cb92c8313d1fa73317a75e35941eb3db779b0098e3538e04b7da,valid,/mnt/afs_2/houze/wanUpsampler/outputs/aaai27_experiments/quality_efficiency_distill4/videos/endpoint_rgb_0hr/endpoint_rgb_0hr_08_seed9808.mp4
endpoint_rgb_0hr,endpoint_rgb_0hr_09_seed9809.mp4,True,valid,1073305,48701d61df4ec8e9cc7dfe7ef8f656ec4851f78bf543215f992b29e0f16eb098,valid,/mnt/afs_2/houze/wanUpsampler/outputs/aaai27_experiments/quality_efficiency_distill4/videos/endpoint_rgb_0hr/endpoint_rgb_0hr_09_seed9809.mp4
endpoint_rgb_1hr,endpoint_rgb_1hr_00_seed9800.mp4,True,valid,932906,6198c9f4fa8eeb0cc035bacc20f1caac02fbf8c606de402e906b0dd0228a0fd7,valid,/mnt/afs_2/houze/wanUpsampler/outputs/aaai27_experiments/quality_efficiency_distill4/videos/endpoint_rgb_1hr/endpoint_rgb_1hr_00_seed9800.mp4
endpoint_rgb_1hr,endpoint_rgb_1hr_01_seed9801.mp4,True,valid,607154,f97efbf6b00ba0e63dfdd9e3cf1faa82807995948a1d77522ea58185ee9dbba7,valid,/mnt/afs_2/houze/wanUpsampler/outputs/aaai27_experiments/quality_efficiency_distill4/videos/endpoint_rgb_1hr/endpoint_rgb_1hr_01_seed9801.mp4
endpoint_rgb_1hr,endpoint_rgb_1hr_02_seed9802.mp4,True,valid,2218217,902aba5f4b49e1885d341f549a329e241e7ad5acabd2435297d3dd609738ccf1,valid,/mnt/afs_2/houze/wanUpsampler/outputs/aaai27_experiments/quality_efficiency_distill4/videos/endpoint_rgb_1hr/endpoint_rgb_1hr_02_seed9802.mp4
endpoint_rgb_1hr,endpoint_rgb_1hr_03_seed9803.mp4,True,valid,1129398,ee60c4fce6e385ddf5ebed4ff40fcb5e760d27dd79c796582cd0b7532a7ed80c,valid,/mnt/afs_2/houze/wanUpsampler/outputs/aaai27_experiments/quality_efficiency_distill4/videos/endpoint_rgb_1hr/endpoint_rgb_1hr_03_seed9803.mp4
endpoint_rgb_1hr,endpoint_rgb_1hr_04_seed9804.mp4,True,valid,1333668,d59f1292fbf15dc1b491883e27e86eb1646db4197bdaf71b433515c4848c5a88,valid,/mnt/afs_2/houze/wanUpsampler/outputs/aaai27_experiments/quality_efficiency_distill4/videos/endpoint_rgb_1hr/endpoint_rgb_1hr_04_seed9804.mp4
endpoint_rgb_1hr,endpoint_rgb_1hr_05_seed9805.mp4,True,valid,710417,613a2c38e347043726c07565e912da157ac156ca8b4c93173aac17a9afdd0c5f,valid,/mnt/afs_2/houze/wanUpsampler/outputs/aaai27_experiments/quality_efficiency_distill4/videos/endpoint_rgb_1hr/endpoint_rgb_1hr_05_seed9805.mp4
endpoint_rgb_1hr,endpoint_rgb_1hr_06_seed9806.mp4,True,valid,823864,920650cb608a4d03073cf46aaff68096c2ac65fc9ef6c2b0b379e9f92c2d47b8,valid,/mnt/afs_2/houze/wanUpsampler/outputs/aaai27_experiments/quality_efficiency_distill4/videos/endpoint_rgb_1hr/endpoint_rgb_1hr_06_seed9806.mp4
endpoint_rgb_1hr,endpoint_rgb_1hr_07_seed9807.mp4,True,valid,1713470,f85c13138060e81e10e89201181ffd609954c98afda5225a3e25d9f75a775471,valid,/mnt/afs_2/houze/wanUpsampler/outputs/aaai27_experiments/quality_efficiency_distill4/videos/endpoint_rgb_1hr/endpoint_rgb_1hr_07_seed9807.mp4
endpoint_rgb_1hr,endpoint_rgb_1hr_08_seed9808.mp4,True,valid,395655,59a9bc8af5995ba2e89c28f87a8d8ef3673fa951b8d72fb7169f2990482b9ae2,valid,/mnt/afs_2/houze/wanUpsampler/outputs/aaai27_experiments/quality_efficiency_distill4/videos/endpoint_rgb_1hr/endpoint_rgb_1hr_08_seed9808.mp4
endpoint_rgb_1hr,endpoint_rgb_1hr_09_seed9809.mp4,True,valid,976123,99020810a05065d976460ccda6f5ecbf749798c9ebf6484f8f8a36d219ae8297,valid,/mnt/afs_2/houze/wanUpsampler/outputs/aaai27_experiments/quality_efficiency_distill4/videos/endpoint_rgb_1hr/endpoint_rgb_1hr_09_seed9809.mp4
endpoint_rgb_2hr,endpoint_rgb_2hr_00_seed9800.mp4,True,valid,1058302,defad61457347fbfe4b203f565ab59cb16d4d521e05b79b562ed636292744e1f,valid,/mnt/afs_2/houze/wanUpsampler/outputs/aaai27_experiments/quality_efficiency_distill4/videos/endpoint_rgb_2hr/endpoint_rgb_2hr_00_seed9800.mp4
endpoint_rgb_2hr,endpoint_rgb_2hr_01_seed9801.mp4,True,valid,684238,fbf9f9da02376efa8398ee47ece57ae9b311578e6287749a7fe99cf47d71431c,valid,/mnt/afs_2/houze/wanUpsampler/outputs/aaai27_experiments/quality_efficiency_distill4/videos/endpoint_rgb_2hr/endpoint_rgb_2hr_01_seed9801.mp4
endpoint_rgb_2hr,endpoint_rgb_2hr_02_seed9802.mp4,True,valid,2465679,e190da0e065071c0a8723ac253fe0fc8c559ae773c90a8a1f9eafeb87c69e636,valid,/mnt/afs_2/houze/wanUpsampler/outputs/aaai27_experiments/quality_efficiency_distill4/videos/endpoint_rgb_2hr/endpoint_rgb_2hr_02_seed9802.mp4
endpoint_rgb_2hr,endpoint_rgb_2hr_03_seed9803.mp4,True,valid,1369705,699b9401d25d13b734a9781ab4b1e3a2ebe67338e9baf08e2f593cf787b97585,valid,/mnt/afs_2/houze/wanUpsampler/outputs/aaai27_experiments/quality_efficiency_distill4/videos/endpoint_rgb_2hr/endpoint_rgb_2hr_03_seed9803.mp4
endpoint_rgb_2hr,endpoint_rgb_2hr_04_seed9804.mp4,True,valid,1488684,529a976817af2b37e05595cb66fa0c9c252e63a8de16551b4b0ff24cbfc4d8ad,valid,/mnt/afs_2/houze/wanUpsampler/outputs/aaai27_experiments/quality_efficiency_distill4/videos/endpoint_rgb_2hr/endpoint_rgb_2hr_04_seed9804.mp4
endpoint_rgb_2hr,endpoint_rgb_2hr_05_seed9805.mp4,True,valid,814406,feecc3fff42f5cb27c0ce5570b55c08d739afa09c23015c18d407082a74ed31d,valid,/mnt/afs_2/houze/wanUpsampler/outputs/aaai27_experiments/quality_efficiency_distill4/videos/endpoint_rgb_2hr/endpoint_rgb_2hr_05_seed9805.mp4
endpoint_rgb_2hr,endpoint_rgb_2hr_06_seed9806.mp4,True,valid,945991,d2f8ad246beafaad9941152a129121b2a2d84e0b18b6512f4c907ba01761243b,valid,/mnt/afs_2/houze/wanUpsampler/outputs/aaai27_experiments/quality_efficiency_distill4/videos/endpoint_rgb_2hr/endpoint_rgb_2hr_06_seed9806.mp4
endpoint_rgb_2hr,endpoint_rgb_2hr_07_seed9807.mp4,True,valid,1935632,7c9a0b998d61be43ea7fc63820d62b7bf58e7d90157cb46756eafb85cd09b13d,valid,/mnt/afs_2/houze/wanUpsampler/outputs/aaai27_experiments/quality_efficiency_distill4/videos/endpoint_rgb_2hr/endpoint_rgb_2hr_07_seed9807.mp4
endpoint_rgb_2hr,endpoint_rgb_2hr_08_seed9808.mp4,True,valid,423644,6c6aa2944006b05920856a3ecd04604b1cf780530a293d4a8f5fc026b520692a,valid,/mnt/afs_2/houze/wanUpsampler/outputs/aaai27_experiments/quality_efficiency_distill4/videos/endpoint_rgb_2hr/endpoint_rgb_2hr_08_seed9808.mp4
endpoint_rgb_2hr,endpoint_rgb_2hr_09_seed9809.mp4,True,valid,1101951,980cbc919a8713728782db7275996c2ea777e40786d92b4edca388e7a2e460dd,valid,/mnt/afs_2/houze/wanUpsampler/outputs/aaai27_experiments/quality_efficiency_distill4/videos/endpoint_rgb_2hr/endpoint_rgb_2hr_09_seed9809.mp4
endpoint_rgb_4hr,endpoint_rgb_4hr_00_seed9800.mp4,True,valid,1555311,d2d0416afc448935bf2a104e6d7d9324416616df49b337f29b559def09396710,valid,/mnt/afs_2/houze/wanUpsampler/outputs/aaai27_experiments/quality_efficiency_distill4/videos/endpoint_rgb_4hr/endpoint_rgb_4hr_00_seed9800.mp4
endpoint_rgb_4hr,endpoint_rgb_4hr_01_seed9801.mp4,True,valid,852236,a1f72c2e629c05e1bb9b584bcd0fff5f871498fa82ea644917ef1bbb7b5b7f9c,valid,/mnt/afs_2/houze/wanUpsampler/outputs/aaai27_experiments/quality_efficiency_distill4/videos/endpoint_rgb_4hr/endpoint_rgb_4hr_01_seed9801.mp4
endpoint_rgb_4hr,endpoint_rgb_4hr_02_seed9802.mp4,True,valid,1525539,8101ba8859878a55f9e07540a1d2efa1ea7c47f9131d3caf20ab102a771637c2,valid,/mnt/afs_2/houze/wanUpsampler/outputs/aaai27_experiments/quality_efficiency_distill4/videos/endpoint_rgb_4hr/endpoint_rgb_4hr_02_seed9802.mp4
endpoint_rgb_4hr,endpoint_rgb_4hr_03_seed9803.mp4,True,valid,2011319,1e8c356204c9fb212b4ef1229e6bc0fd456f32836e75573708a02d15c3b5c09a,valid,/mnt/afs_2/houze/wanUpsampler/outputs/aaai27_experiments/quality_efficiency_distill4/videos/endpoint_rgb_4hr/endpoint_rgb_4hr_03_seed9803.mp4
endpoint_rgb_4hr,endpoint_rgb_4hr_04_seed9804.mp4,True,valid,1798863,722ff3a0466ace0e74915c0a8d8dfb731810c938055b1b3f41d310e425d5cee3,valid,/mnt/afs_2/houze/wanUpsampler/outputs/aaai27_experiments/quality_efficiency_distill4/videos/endpoint_rgb_4hr/endpoint_rgb_4hr_04_seed9804.mp4
endpoint_rgb_4hr,endpoint_rgb_4hr_05_seed9805.mp4,True,valid,988325,25005badcb4c76d19ef46e5c9826870a5172e5a58ffa5aa6cc34dc1e87a9e972,valid,/mnt/afs_2/houze/wanUpsampler/outputs/aaai27_experiments/quality_efficiency_distill4/videos/endpoint_rgb_4hr/endpoint_rgb_4hr_05_seed9805.mp4
endpoint_rgb_4hr,endpoint_rgb_4hr_06_seed9806.mp4,True,valid,953181,55045b6e152a18cff962bf49a275f19701b936e19c22724faf123a1b47219dd4,valid,/mnt/afs_2/houze/wanUpsampler/outputs/aaai27_experiments/quality_efficiency_distill4/videos/endpoint_rgb_4hr/endpoint_rgb_4hr_06_seed9806.mp4
endpoint_rgb_4hr,endpoint_rgb_4hr_07_seed9807.mp4,True,valid,2668321,745981a3c4a35a9ead12969494df1e60a3384fd653449b3e0fd007529b07ba1b,valid,/mnt/afs_2/houze/wanUpsampler/outputs/aaai27_experiments/quality_efficiency_distill4/videos/endpoint_rgb_4hr/endpoint_rgb_4hr_07_seed9807.mp4
endpoint_rgb_4hr,endpoint_rgb_4hr_08_seed9808.mp4,True,valid,868486,47d594346b3f710a02367c46be4ddb028da1a3c3722db01619b6fc2eed026b20,valid,/mnt/afs_2/houze/wanUpsampler/outputs/aaai27_experiments/quality_efficiency_distill4/videos/endpoint_rgb_4hr/endpoint_rgb_4hr_08_seed9808.mp4
endpoint_rgb_4hr,endpoint_rgb_4hr_09_seed9809.mp4,True,valid,1149873,a392ab5775c532cf284dffaf0212d0d9797bf9cfe023c39b54256ce5725903a8,valid,/mnt/afs_2/houze/wanUpsampler/outputs/aaai27_experiments/quality_efficiency_distill4/videos/endpoint_rgb_4hr/endpoint_rgb_4hr_09_seed9809.mp4
