"family","effect","case_a","case_b","quality5_a","quality5_b","delta_quality5_b_minus_a","delta_subject_consistency","delta_background_consistency","delta_motion_smoothness","delta_aesthetic_quality","delta_imaging_quality"
"wan50_step40","ITU effect","step40_base_interp","step40_base_stage2","0.7781163055832443","0.8089625019985403","0.030846196415295957","0.0040342273749411905","-0.0011370849609375622","0.004184850179313693","0.045948803424835205","0.10120018605832698"
"wan50_step40","TTD effect within ITU","step40_base_stage2","step40_lora_s0p75_stage2","0.8089625019985403","0.8098302806630353","0.0008677786644950558","0.0013053928315639451","0.0014468383789062456","0.0001458561367032596","-0.0045533686876296775","0.005994174662931506"
"wan50_step40","InTraScale effect vs interpolation","step40_base_interp","step40_lora_s0p75_stage2","0.7781163055832443","0.8098302806630353","0.03171397507979101","0.005339620206505136","0.0003097534179686834","0.004330706316016952","0.04139543473720553","0.10719436072125849"
"wan50_step45","ITU effect","step45_base_interp","step45_base_stage2","0.7677612323124443","0.808419789043665","0.04065855673122065","0.0022838588804006132","-0.0016046142578125533","0.004293048027170232","0.05742572247982025","0.14089476852652483"
"wan50_step45","TTD effect within ITU","step45_base_stage2","step45_lora_stage2","0.808419789043665","0.8079196316121979","-0.0005001574314670298","-0.0013220029510557785","0.00018585205078125444","-4.474172837731771e-05","-0.0038603246212005615","0.002540430092517032"
"wan50_step45","InTraScale effect vs interpolation","step45_base_interp","step45_lora_stage2","0.7677612323124443","0.8079196316121979","0.04015839929975362","0.0009618559293448348","-0.0014187622070312988","0.004248306298792914","0.05356539785861969","0.14343519861904186"
"distill4","ITU effect","step3_base_interp","step3_base_stage2","0.8179629793958908","0.8566992241612991","0.03873624476540827","0.003443319015204893","0.0027532958984374245","0.004525850238376816","0.061398702859878584","0.12156005581514318"
"distill4","TTD effect within ITU","step3_base_stage2","step3_lora_stage2","0.8566992241612991","0.8567990759032437","9.9851741944601e-05","-0.0004993887990712986","-0.0018606567382811745","-0.00013539185936417564","-0.0017980903387070368","0.004792786445146802"
"distill4","InTraScale effect vs interpolation","step3_base_interp","step3_lora_stage2","0.8179629793958908","0.8567990759032437","0.03883609650735287","0.0029439302161335945","0.00089263916015625","0.004390458379012641","0.05960061252117155","0.12635284226028998"
